,Topic_Num,Topic_Perc_Contrib,Keywords,Text_x,liststring,url,date,content,renderedContent,id,user,outlinks,tcooutlinks,replyCount,retweetCount,likeCount,quoteCount,conversationId,lang,source,sourceUrl,sourceLabel,media,retweetedTweet,quotedTweet,mentionedUsers,proc_text,Text_y
0,0.0,0.8608999848365784,"cidh, director, expertos, ayotzinapa, todas, presenta, grupo, ai, caso, buscan","['Trabajo', 'expertos', 'CIDH', ',', 'oportunidad', 'enmendar', 'errores', 'Ayotzinapa', ':', 'AI']","Trabajo,expertos,CIDH,,,oportunidad,enmendar,errores,Ayotzinapa,:,AI",https://twitter.com/JoeSantanaB/status/573137864633933824,2015-03-04 15:08:09+00:00,"Trabajo de expertos de CIDH, oportunidad para enmendar errores sobre Ayotzinapa: AI http://t.co/JaZ7lxGSjS","Trabajo de expertos de CIDH, oportunidad para enmendar errores sobre Ayotzinapa: AI owl.li/JU4nv",5.73e+17,"{'username': 'JoeSantanaB', 'displayname': 'Joe Santana', 'id': 158214738, 'description': 'Explorar cada rinc√≥n de M√©xico y sus bellezas naturales.   \nüì∏ GoPro 6 \nüì∑ Canon', 'rawDescription': 'Explorar cada rinc√≥n de M√©xico y sus bellezas naturales.   \nüì∏ GoPro 6 \nüì∑ Canon', 'descriptionUrls': [], 'verified': False, 'created': '2010-06-22T02:40:20+00:00', 'followersCount': 2968, 'friendsCount': 797, 'statusesCount': 47570, 'favouritesCount': 8373, 'listedCount': 37, 'mediaCount': 11357, 'location': 'Ciudad de Mexico', 'protected': False, 'linkUrl': 'https://www.instagram.com/joesantanab', 'linkTcourl': 'https://t.co/h6Xmf8HbdH', 'profileImageUrl': 'https://pbs.twimg.com/profile_images/1100199290935365633/aasR20EO_normal.png', 'profileBannerUrl': 'https://pbs.twimg.com/profile_banners/158214738/1493259788', 'url': 'https://twitter.com/JoeSantanaB'}",['http://owl.li/JU4nv'],['http://t.co/JaZ7lxGSjS'],0,0,0,0,5.73e+17,es,"<a href=""http://twitter.com/download/android"" rel=""nofollow"">Twitter for Android</a>",http://twitter.com/download/android,Twitter for Android,,,,,"Trabajo de expertos de CIDH, oportunidad para enmendar errores sobre Ayotzinapa: AI","['Trabajo', 'expertos', 'CIDH', ',', 'oportunidad', 'enmendar', 'errores', 'Ayotzinapa', ':', 'AI']"
23,1.0,0.9025999903678894,"las, epn, ayotzinapa, marcharon, ni, casa, llegan, olvidamos, blanca, visita","['Legislador', 'britnico', 'protest', 'Ayotzinapa', 'visita', 'EPN', '-', 'Legislador', 'britnico', 'protest', '...']","Legislador,britnico,protest,Ayotzinapa,visita,EPN,-,Legislador,britnico,protest,...",https://twitter.com/universalplusjl/status/574603486790287360,2015-03-08 16:12:01+00:00,Legislador brit√°nico protest√≥ por Ayotzinapa durante visita de EPN - Legislador brit√°nico protest√≥ por... http://t.co/BaezvMosrD,Legislador brit√°nico protest√≥ por Ayotzinapa durante visita de EPN - Legislador brit√°nico protest√≥ por... tmblr.co/ZPjaOq1fJoRVz,5.75e+17,"{'username': 'universalplusjl', 'displayname': 'Jose Luis Vazquez', 'id': 39993936, 'description': 'Digital  Advertising | E.R.P | C.R.M | Open Source | IT | Conversion.\nAyudo a conseguir clientes Premium.\nmx.linkedin.com/in/universalpl‚Ä¶', 'rawDescription': 'Digital  Advertising | E.R.P | C.R.M | Open Source | IT | Conversion.\nAyudo a conseguir clientes Premium.\nhttps://t.co/df5QwvWiUN', 'descriptionUrls': [{'text': 'mx.linkedin.com/in/universalpl‚Ä¶', 'url': 'https://mx.linkedin.com/in/universalplusjl', 'tcourl': 'https://t.co/df5QwvWiUN', 'indices': [106, 129]}], 'verified': False, 'created': '2009-05-14T13:36:14+00:00', 'followersCount': 5541, 'friendsCount': 5468, 'statusesCount': 54451, 'favouritesCount': 245, 'listedCount': 76, 'mediaCount': 5856, 'location': 'Internet', 'protected': False, 'linkUrl': 'https://www.xing.com/profile/JoseLuis_Vazquez15?sc_o=mxb_p', 'linkTcourl': 'https://t.co/F7NoGztGEf', 'profileImageUrl': 'https://pbs.twimg.com/profile_images/1333674545019052032/K0FTIcX2_normal.jpg', 'profileBannerUrl': 'https://pbs.twimg.com/profile_banners/39993936/1602738139', 'url': 'https://twitter.com/universalplusjl'}",['http://tmblr.co/ZPjaOq1fJoRVz'],['http://t.co/BaezvMosrD'],0,0,0,0,5.75e+17,es,"<a href=""https://www.tumblr.com/"" rel=""nofollow"">Tumblr</a>",https://www.tumblr.com/,Tumblr,,,,,Legislador britnico protest por Ayotzinapa durante visita de EPN - Legislador britnico protest por...,"['Legislador', 'britnico', 'protest', 'Ayotzinapa', 'visita', 'EPN', '-', 'Legislador', 'britnico', 'protest', '...']"
25,2.0,0.8917999863624573,"elecciones, in, mexico, debe, cruz, ayotzinapa, desapariciones, llaman, on, telesur","['nyeusij', ':', 'Some', 'facts', 'on', 'the', 'situation', 'in', 'Mexico']","nyeusij,:,Some,facts,on,the,situation,in,Mexico",https://twitter.com/Bucaner0/status/573874179545563136,2015-03-06 15:54:01+00:00,RT nyeusij: Some facts on the situation in Mexico #Acapulco #Ayotzinapa http://t.co/kEK1DP8as7,RT nyeusij: Some facts on the situation in Mexico #Acapulco #Ayotzinapa pic.twitter.com/kEK1DP8as7,5.74e+17,"{'username': 'Bucaner0', 'displayname': 'Con cero al final', 'id': 104239203, 'description': '', 'rawDescription': '', 'descriptionUrls': [], 'verified': False, 'created': '2010-01-12T18:45:16+00:00', 'followersCount': 9633, 'friendsCount': 8255, 'statusesCount': 116561, 'favouritesCount': 978, 'listedCount': 197, 'mediaCount': 5302, 'location': '', 'protected': False, 'linkUrl': None, 'linkTcourl': None, 'profileImageUrl': 'https://pbs.twimg.com/profile_images/1117193321/Captain_Jack_Sparrow_by_JPRart_normal.jpg', 'profileBannerUrl': 'https://pbs.twimg.com/profile_banners/104239203/1398277241', 'url': 'https://twitter.com/Bucaner0'}",['https://twitter.com/nyeusij/status/573669780088971265/photo/1'],['http://t.co/kEK1DP8as7'],0,0,0,0,5.74e+17,en,"<a href=""https://about.twitter.com/products/tweetdeck"" rel=""nofollow"">TweetDeck</a>",https://about.twitter.com/products/tweetdeck,TweetDeck,,,,,nyeusij: Some facts on the situation in Mexico,"['nyeusij', ':', 'Some', 'facts', 'on', 'the', 'situation', 'in', 'Mexico']"
26,3.0,0.756600022315979,"en, ayotzinapa, verdad, gt, vive, voces, despus, carteles, muestra, votar","['ALERTA', '!', 'En', 'minutos']","ALERTA,!,En,minutos",https://twitter.com/JohnGouvas/status/581182695465713665,2015-03-26 19:55:27+00:00,"¬°ALERTA! 

En 5 minutos #PaseDeLista1al43 con @DuelesMexico

#Ayotzinapa 
#AccionGlobalporAyotzinapa 
@HastaLaMadre http://t.co/p2p11kO1IS","¬°ALERTA! 

En 5 minutos #PaseDeLista1al43 con @DuelesMexico

#Ayotzinapa 
#AccionGlobalporAyotzinapa 
@HastaLaMadre http://t.co/p2p11kO1IS",5.81183e+17,"{'username': 'JohnGouvas', 'displayname': 'John Gouvas', 'id': 979838041, 'description': ""¬´Œ∫Œ±·Ω∂ ·ΩÑŒΩŒøŒºŒ± Œº·Ω≤ŒΩ Œ¥Œπ·Ω∞ œÑ·Ω∏ Œº·Ω¥ ·ºêœÇ ·ΩÄŒªŒØŒ≥ŒøœÖœÇ ·ºÄŒªŒª' ·ºêœÇ œÄŒªŒµŒØŒøŒΩŒ±œÇ Œø·º∞Œ∫Œµ·øñŒΩ ŒîŒ∑ŒºŒøŒ∫œÅŒ±œÑŒØŒ± Œ∫Œ≠Œ∫ŒªŒ∑œÑŒ±Œπ ¬∑ ŒºŒ≠œÑŒµœÉœÑŒπ Œ¥·Ω≤ Œ∫Œ±œÑ·Ω∞ Œº·Ω≤ŒΩ œÑŒø·Ω∫œÇ ŒΩœåŒºŒøœÖœÇ œÄœÅ·Ω∏œÇ œÑ·Ω∞ ·º¥Œ¥ŒπŒ± Œ¥ŒπŒ¨œÜŒøœÅŒ± œÄ·æ∂œÉŒπ œÑ·Ω∏ ·º¥œÉŒøŒΩ¬ª"", 'rawDescription': ""¬´Œ∫Œ±·Ω∂ ·ΩÑŒΩŒøŒºŒ± Œº·Ω≤ŒΩ Œ¥Œπ·Ω∞ œÑ·Ω∏ Œº·Ω¥ ·ºêœÇ ·ΩÄŒªŒØŒ≥ŒøœÖœÇ ·ºÄŒªŒª' ·ºêœÇ œÄŒªŒµŒØŒøŒΩŒ±œÇ Œø·º∞Œ∫Œµ·øñŒΩ ŒîŒ∑ŒºŒøŒ∫œÅŒ±œÑŒØŒ± Œ∫Œ≠Œ∫ŒªŒ∑œÑŒ±Œπ ¬∑ ŒºŒ≠œÑŒµœÉœÑŒπ Œ¥·Ω≤ Œ∫Œ±œÑ·Ω∞ Œº·Ω≤ŒΩ œÑŒø·Ω∫œÇ ŒΩœåŒºŒøœÖœÇ œÄœÅ·Ω∏œÇ œÑ·Ω∞ ·º¥Œ¥ŒπŒ± Œ¥ŒπŒ¨œÜŒøœÅŒ± œÄ·æ∂œÉŒπ œÑ·Ω∏ ·º¥œÉŒøŒΩ¬ª"", 'descriptionUrls': [], 'verified': False, 'created': '2012-11-30T05:42:13+00:00', 'followersCount': 779, 'friendsCount': 943, 'statusesCount': 35737, 'favouritesCount': 28373, 'listedCount': 24, 'mediaCount': 3662, 'location': '¬´ŒºœåŒΩŒøŒπ Œ≥·Ω∞œÅ œÑœåŒΩ œÑŒµ ŒºŒ∑Œ¥·Ω≤ŒΩ œÑ·ø∂ŒΩŒ¥Œµ ŒºŒµœÑŒ≠œáŒøŒΩœÑŒ± Œø·ΩêŒ∫ ·ºÄœÄœÅŒ¨Œ≥ŒºŒøŒΩŒ±, ·ºÄŒªŒª·æø ·ºÄœáœÅŒµ·øñŒøŒΩ ŒΩŒøŒºŒØŒ∂ŒøŒºŒµŒΩ¬ª', 'protected': False, 'linkUrl': None, 'linkTcourl': None, 'profileImageUrl': 'https://pbs.twimg.com/profile_images/935215386211049472/R0Nv5LlB_normal.jpg', 'profileBannerUrl': 'https://pbs.twimg.com/profile_banners/979838041/1483735468', 'url': 'https://twitter.com/JohnGouvas'}",[],[],0,3,1,0,5.81183e+17,es,"<a href=""http://twitter.com"" rel=""nofollow"">Twitter Web Client</a>",http://twitter.com,Twitter Web Client,"[{'previewUrl': 'https://pbs.twimg.com/media/CBDGlMOWkAAftQl?format=jpg&name=small', 'fullUrl': 'https://pbs.twimg.com/media/CBDGlMOWkAAftQl?format=jpg&name=large', 'type': 'photo'}]",,,"[{'username': 'DuelesMexico', 'displayname': 'Alonso Oaxaca', 'id': 53910097, 'description': None, 'rawDescription': None, 'descriptionUrls': None, 'verified': None, 'created': None, 'followersCount': None, 'friendsCount': None, 'statusesCount': None, 'favouritesCount': None, 'listedCount': None, 'mediaCount': None, 'location': None, 'protected': None, 'linkUrl': None, 'linkTcourl': None, 'profileImageUrl': None, 'profileBannerUrl': None, 'url': 'https://twitter.com/DuelesMexico'}, {'username': 'HastaLaMadre', 'displayname': 'Mexicandela', 'id': 1252042707108757505, 'description': None, 'rawDescription': None, 'descriptionUrls': None, 'verified': None, 'created': None, 'followersCount': None, 'friendsCount': None, 'statusesCount': None, 'favouritesCount': None, 'listedCount': None, 'mediaCount': None, 'location': None, 'protected': None, 'linkUrl': None, 'linkTcourl': None, 'profileImageUrl': None, 'profileBannerUrl': None, 'url': 'https://twitter.com/HastaLaMadre'}]",ALERTA! En minutos con,"['ALERTA', '!', 'En', 'minutos']"
27,4.0,0.756600022315979,"los, habr, tambin, lder, maestros, ahora, estn, ayotzinapa, favor, desaparecidos","[':', 'Adems', 'recordar', 'Ayotzinapa', 'tambin', 'invitamos', 'manifestarse', 'favor', 'aparezcan', '!', '!', '!']",":,Adems,recordar,Ayotzinapa,tambin,invitamos,manifestarse,favor,aparezcan,!,!,!",https://twitter.com/DianaGasconC/status/580960426143281152,2015-03-26 05:12:13+00:00,‚Äú@Ibarraeloisa: @lopezdoriga Adem√°s de recordar lo de Ayotzinapa tambi√©n lo invitamos a manifestarse a favor de que aparezcan!!!‚Äù,‚Äú@Ibarraeloisa: @lopezdoriga Adem√°s de recordar lo de Ayotzinapa tambi√©n lo invitamos a manifestarse a favor de que aparezcan!!!‚Äù,5.8096e+17,"{'username': 'DianaGasconC', 'displayname': 'DianaGasc√≥nC üïâ‚ú°üåçüá≤üáΩ', 'id': 103415254, 'description': 'Diario morian miles de personas por falta de empleo, salud y üí∞ para pagar una comida digna. Se acerca tu karma EPN y rateros del PRIANRD que saquearon a M√©xico', 'rawDescription': 'Diario morian miles de personas por falta de empleo, salud y üí∞ para pagar una comida digna. Se acerca tu karma EPN y rateros del PRIANRD que saquearon a M√©xico', 'descriptionUrls': [], 'verified': False, 'created': '2010-01-09T23:33:26+00:00', 'followersCount': 7591, 'friendsCount': 2328, 'statusesCount': 651787, 'favouritesCount': 5147, 'listedCount': 163, 'mediaCount': 31575, 'location': 'Ciudad de Mexico, ', 'protected': False, 'linkUrl': None, 'linkTcourl': None, 'profileImageUrl': 'https://pbs.twimg.com/profile_images/1334572742734192647/a0To3QrH_normal.jpg', 'profileBannerUrl': 'https://pbs.twimg.com/profile_banners/103415254/1584441316', 'url': 'https://twitter.com/DianaGasconC'}",[],[],0,0,0,0,5.8095e+17,es,"<a href=""http://twitter.com/download/iphone"" rel=""nofollow"">Twitter for iPhone</a>",http://twitter.com/download/iphone,Twitter for iPhone,,,,"[{'username': 'Ibarraeloisa', 'displayname': 'Eloisa Ibarra', 'id': 433823825, 'description': None, 'rawDescription': None, 'descriptionUrls': None, 'verified': None, 'created': None, 'followersCount': None, 'friendsCount': None, 'statusesCount': None, 'favouritesCount': None, 'listedCount': None, 'mediaCount': None, 'location': None, 'protected': None, 'linkUrl': None, 'linkTcourl': None, 'profileImageUrl': None, 'profileBannerUrl': None, 'url': 'https://twitter.com/Ibarraeloisa'}, {'username': 'lopezdoriga', 'displayname': 'Joaqu√≠n L√≥pez-D√≥riga', 'id': 236636515, 'description': None, 'rawDescription': None, 'descriptionUrls': None, 'verified': None, 'created': None, 'followersCount': None, 'friendsCount': None, 'statusesCount': None, 'favouritesCount': None, 'listedCount': None, 'mediaCount': None, 'location': None, 'protected': None, 'linkUrl': None, 'linkTcourl': None, 'profileImageUrl': None, 'profileBannerUrl': None, 'url': 'https://twitter.com/lopezdoriga'}]",: Adems de recordar lo de Ayotzinapa tambin lo invitamos a manifestarse a favor de que aparezcan!!!,"[':', 'Adems', 'recordar', 'Ayotzinapa', 'tambin', 'invitamos', 'manifestarse', 'favor', 'aparezcan', '!', '!', '!']"
28,5.0,0.8052999973297119,"ine, video, me, ayotzinapa, as, yamecanse_farc, anonymousglo, pendientes, bien, banda","['Me', 'gust', 'video', 'Edicin', ':', 'Versos', 'Ayotzinapa']","Me,gust,video,Edicin,:,Versos,Ayotzinapa",https://twitter.com/ArturoAlonzo/status/579533082933399552,2015-03-22 06:40:28+00:00,Me gust√≥ un video de @YouTube de @El_Chamuco http://t.co/hupO77p38k Edici√≥n #315: Versos para Ayotzinapa,Me gust√≥ un video de @YouTube de @El_Chamuco youtu.be/c6CjgNS7N7Q?a Edici√≥n #315: Versos para Ayotzinapa,5.79533e+17,"{'username': 'ArturoAlonzo', 'displayname': 'Arturo Alonzo', 'id': 99425967, 'description': 'Profesor Investigador de la Escuela Nacional de Antropolog√≠a e Historia de M√©xico. Doctor en Historia por la USC, Doctor en Antropolog√≠a F√≠sica por la ENAH.', 'rawDescription': 'Profesor Investigador de la Escuela Nacional de Antropolog√≠a e Historia de M√©xico. Doctor en Historia por la USC, Doctor en Antropolog√≠a F√≠sica por la ENAH.', 'descriptionUrls': [], 'verified': False, 'created': '2009-12-26T04:35:34+00:00', 'followersCount': 431, 'friendsCount': 1110, 'statusesCount': 5630, 'favouritesCount': 1681, 'listedCount': 5, 'mediaCount': 481, 'location': 'Ciudad de M√©xico', 'protected': False, 'linkUrl': 'http://pifmexicosigloxx.blogspot.com/', 'linkTcourl': 'https://t.co/TAr4tXaYoX', 'profileImageUrl': 'https://pbs.twimg.com/profile_images/2714943189/cc6e550d850d6ffcacd52d9084fcf704_normal.jpeg', 'profileBannerUrl': 'https://pbs.twimg.com/profile_banners/99425967/1449975594', 'url': 'https://twitter.com/ArturoAlonzo'}",['http://youtu.be/c6CjgNS7N7Q?a'],['http://t.co/hupO77p38k'],0,0,0,0,5.79533e+17,es,"<a href=""https://www.google.com/"" rel=""nofollow"">Google</a>",https://www.google.com/,Google,,,,"[{'username': 'YouTube', 'displayname': 'YouTube', 'id': 10228272, 'description': None, 'rawDescription': None, 'descriptionUrls': None, 'verified': None, 'created': None, 'followersCount': None, 'friendsCount': None, 'statusesCount': None, 'favouritesCount': None, 'listedCount': None, 'mediaCount': None, 'location': None, 'protected': None, 'linkUrl': None, 'linkTcourl': None, 'profileImageUrl': None, 'profileBannerUrl': None, 'url': 'https://twitter.com/YouTube'}, {'username': 'El_Chamuco', 'displayname': 'Revista El Chamuco', 'id': 17372602, 'description': None, 'rawDescription': None, 'descriptionUrls': None, 'verified': None, 'created': None, 'followersCount': None, 'friendsCount': None, 'statusesCount': None, 'favouritesCount': None, 'listedCount': None, 'mediaCount': None, 'location': None, 'protected': None, 'linkUrl': None, 'linkTcourl': None, 'profileImageUrl': None, 'profileBannerUrl': None, 'url': 'https://twitter.com/El_Chamuco'}]",Me gust un video de de Edicin : Versos para Ayotzinapa,"['Me', 'gust', 'video', 'Edicin', ':', 'Versos', 'Ayotzinapa']"
29,6.0,0.8052999973297119,"resolver, ny, amp, ayotzinapa, ayer, durante, po, ma, buscar, noche","['Ayotzinapa', '&', 'ampalestine', '&', 'amp', ';', 'Ferguson', '&', 'amp', ';', 'New', 'York', '&', 'amp', ';']","Ayotzinapa,&,ampalestine,&,amp,;,Ferguson,&,amp,;,New,York,&,amp,;",https://twitter.com/sistercirclecol/status/578566744635105280,2015-03-19 14:40:35+00:00,"Ayotzinapa&amp;
Palestine&amp;
Ferguson&amp;
New York&amp; http://t.co/PbDfwUCf7v","Ayotzinapa&amp;
Palestine&amp;
Ferguson&amp;
New York&amp; fb.me/3H2Yk2Ehi",5.79e+17,"{'username': 'sistercirclecol', 'displayname': 'Sister Circle', 'id': 2880041864, 'description': 'A transnational feminist grassroots community based in NYC. #CircleUp', 'rawDescription': 'A transnational feminist grassroots community based in NYC. #CircleUp', 'descriptionUrls': [], 'verified': False, 'created': '2014-10-27T22:04:19+00:00', 'followersCount': 487, 'friendsCount': 460, 'statusesCount': 5726, 'favouritesCount': 250, 'listedCount': 14, 'mediaCount': 136, 'location': 'New York, NY', 'protected': False, 'linkUrl': 'http://sistercirclecollective.org', 'linkTcourl': 'https://t.co/sGlsQ3qQLd', 'profileImageUrl': 'https://pbs.twimg.com/profile_images/527134433803915265/GydJNuRy_normal.jpeg', 'profileBannerUrl': 'https://pbs.twimg.com/profile_banners/2880041864/1472582132', 'url': 'https://twitter.com/sistercirclecol'}",['http://fb.me/3H2Yk2Ehi'],['http://t.co/PbDfwUCf7v'],0,0,0,0,5.79e+17,und,"<a href=""http://www.facebook.com/twitter"" rel=""nofollow"">Facebook</a>",http://www.facebook.com/twitter,Facebook,,,,,Ayotzinapa&ampalestine&amp;Ferguson&amp;New York&amp;,"['Ayotzinapa', '&', 'ampalestine', '&', 'amp', ';', 'Ferguson', '&', 'amp', ';', 'New', 'York', '&', 'amp', ';']"
30,7.0,0.8608999848365784,"normalistas, ayotzinapa, familiares, normal, podemos, rural, oficial, escuela, resultados, versin","[',', '-', 'Concierto', 'Ayotzinapa', ':', 'Aniversario', 'Escuela', 'Normal', 'Rural', 'Isidro', 'Burgos', '...']",",,-,Concierto,Ayotzinapa,:,Aniversario,Escuela,Normal,Rural,Isidro,Burgos,...",https://twitter.com/EvensiEspanol/status/578527972577161216,2015-03-19 12:06:31+00:00,"#MexicoCity, #Mexico - Concierto por Ayotzinapa: 88 Aniversario de la Escuela Normal Rural Isidro Burgos @... http://t.co/3cM9NqGyde","#MexicoCity, #Mexico - Concierto por Ayotzinapa: 88 Aniversario de la Escuela Normal Rural Isidro Burgos @... fb.me/1OqMe2Ibf",5.79e+17,"{'username': 'EvensiEspanol', 'displayname': 'Evensi Espa√±ol', 'id': 2591493499, 'description': 'Descubra eventos sugeridos en base a lo que te gusta. ¬°M√°s de 50 millones de eventos de todo el mundo!', 'rawDescription': 'Descubra eventos sugeridos en base a lo que te gusta. ¬°M√°s de 50 millones de eventos de todo el mundo!', 'descriptionUrls': [], 'verified': False, 'created': '2014-06-27T14:37:13+00:00', 'followersCount': 1106, 'friendsCount': 18, 'statusesCount': 104922, 'favouritesCount': 0, 'listedCount': 136, 'mediaCount': 0, 'location': '', 'protected': False, 'linkUrl': 'https://www.evensi.com', 'linkTcourl': 'https://t.co/A1655Cih1y', 'profileImageUrl': 'https://pbs.twimg.com/profile_images/482534155746426880/kw1pMRhH_normal.png', 'profileBannerUrl': None, 'url': 'https://twitter.com/EvensiEspanol'}",['http://fb.me/1OqMe2Ibf'],['http://t.co/3cM9NqGyde'],0,0,0,0,5.79e+17,es,"<a href=""http://www.facebook.com/twitter"" rel=""nofollow"">Facebook</a>",http://www.facebook.com/twitter,Facebook,,,,,", - Concierto por Ayotzinapa: Aniversario de la Escuela Normal Rural Isidro Burgos ...","[',', '-', 'Concierto', 'Ayotzinapa', ':', 'Aniversario', 'Escuela', 'Normal', 'Rural', 'Isidro', 'Burgos', '...']"
31,8.0,0.8377000093460083,"la, global, accin, ayotzinapa, exigen, mitin, estado, suma, realizan, miles","['Concluye', 'mitin', 'dcima', 'accin', 'global', 'Ayotzinapa', ':', 'Concluy', 'mitin', 'explanada']","Concluye,mitin,dcima,accin,global,Ayotzinapa,:,Concluy,mitin,explanada",https://twitter.com/RadioImpacTotal/status/581285532191174656,2015-03-27 02:44:05+00:00,#BajaCalifornia Concluye con mitin d√©cima acci√≥n global por Ayotzinapa: Concluy√≥ el mitin en la explanada del‚Ä¶ http://t.co/H486hMNJSV,#BajaCalifornia Concluye con mitin d√©cima acci√≥n global por Ayotzinapa: Concluy√≥ el mitin en la explanada del‚Ä¶ bit.ly/1HOqwnm,5.81286e+17,"{'username': 'RadioImpacTotal', 'displayname': 'Radio Impacto Total', 'id': 435014253, 'description': 'Noticias (Local & Internacional).', 'rawDescription': 'Noticias (Local & Internacional).', 'descriptionUrls': [], 'verified': False, 'created': '2011-12-12T15:42:49+00:00', 'followersCount': 4562, 'friendsCount': 1012, 'statusesCount': 704079, 'favouritesCount': 4, 'listedCount': 114, 'mediaCount': 1367, 'location': 'Baja California', 'protected': False, 'linkUrl': 'https://multiimpactototal.wixsite.com/radioimpactototal', 'linkTcourl': 'https://t.co/9JBwd2D4So', 'profileImageUrl': 'https://pbs.twimg.com/profile_images/1249477302221594627/cS6_d5Qf_normal.jpg', 'profileBannerUrl': 'https://pbs.twimg.com/profile_banners/435014253/1586734541', 'url': 'https://twitter.com/RadioImpacTotal'}",['http://bit.ly/1HOqwnm'],['http://t.co/H486hMNJSV'],0,0,0,0,5.81286e+17,es,"<a href=""https://dlvrit.com/"" rel=""nofollow"">dlvr.it</a>",https://dlvrit.com/,dlvr.it,,,,,Concluye con mitin dcima accin global por Ayotzinapa: Concluy el mitin en la explanada del,"['Concluye', 'mitin', 'dcima', 'accin', 'global', 'Ayotzinapa', ':', 'Concluy', 'mitin', 'explanada']"
32,9.0,0.8377000093460083,"apoyo, se, por, laalamedamor, ayotzinapa, rt, gente, epigmenioibarra, boicot, what","['Graco', 'trajo', 'gente', 'Israel', ',', 'Colombia', 'FBI', 'adiestrar', ""'Crtel"", 'nico', 'Policias']","Graco,trajo,gente,Israel,,,Colombia,FBI,adiestrar,'Crtel,nico,Policias",https://twitter.com/Misercatule/status/574837005000949760,2015-03-09 07:39:56+00:00,"Graco trajo gente de Israel, Colombia y el FBI a adiestrar al 'C√°rtel √önico de Policias http://t.co/XzM6FVBgHs #Ayotzinapa #TerriblesGanasDe","Graco trajo gente de Israel, Colombia y el FBI a adiestrar al 'C√°rtel √önico de Policias youtu.be/NZz33c5KHK4 #Ayotzinapa #TerriblesGanasDe",5.75e+17,"{'username': 'Misercatule', 'displayname': 'Misercatule', 'id': 573822834, 'description': 'Estudiante.', 'rawDescription': 'Estudiante.', 'descriptionUrls': [], 'verified': False, 'created': '2012-05-07T15:42:51+00:00', 'followersCount': 282, 'friendsCount': 310, 'statusesCount': 17948, 'favouritesCount': 4992, 'listedCount': 1, 'mediaCount': 1387, 'location': '', 'protected': False, 'linkUrl': None, 'linkTcourl': None, 'profileImageUrl': 'https://pbs.twimg.com/profile_images/2680893601/755b3f310dc1114cf257ab28c3ef0455_normal.png', 'profileBannerUrl': None, 'url': 'https://twitter.com/Misercatule'}",['http://youtu.be/NZz33c5KHK4'],['http://t.co/XzM6FVBgHs'],0,0,0,0,5.75e+17,es,"<a href=""http://twitter.com/download/android"" rel=""nofollow"">Twitter for Android</a>",http://twitter.com/download/android,Twitter for Android,,,,,"Graco trajo gente de Israel, Colombia y el FBI a adiestrar al 'Crtel nico de Policias","['Graco', 'trajo', 'gente', 'Israel', ',', 'Colombia', 'FBI', 'adiestrar', ""'Crtel"", 'nico', 'Policias']"
33,10.0,0.8052999973297119,"caso, ayotzinapa, si, protestan, forzada, denuncian, nueva, amlo, procuradora, gmez","[""J'aime"", 'une', 'vido', '-', 'DESNUDA', 'AYOTZINAPA', '.', 'Entrevista', 'Jil', 'Love', 'Telemundo', '.']","J'aime,une,vido,-,DESNUDA,AYOTZINAPA,.,Entrevista,Jil,Love,Telemundo,.",https://twitter.com/jchernandezjazz/status/574769597796216832,2015-03-09 03:12:05+00:00,J'aime une vid√©o @YouTube de @_jil_love¬†- DESNUDA por AYOTZINAPA. Entrevista de Jil Love para Telemundo. http://t.co/oEVDrGckQi,J'aime une vid√©o @YouTube de @_jil_love¬†- DESNUDA por AYOTZINAPA. Entrevista de Jil Love para Telemundo. youtu.be/hymKdrLpFz8?a,5.75e+17,"{'username': 'jchernandezjazz', 'displayname': 'Juan Carlos Hern√°ndez', 'id': 38676010, 'description': '#R√©seaux #P√©docriminalit√© #FreePalestine #Art #Culture #Jazz #Photography #JusticeSociale mais surtout pas #woke\nSoutien @LibreQg et @BDSMovement', 'rawDescription': '#R√©seaux #P√©docriminalit√© #FreePalestine #Art #Culture #Jazz #Photography #JusticeSociale mais surtout pas #woke\nSoutien @LibreQg et @BDSMovement', 'descriptionUrls': [], 'verified': False, 'created': '2009-05-08T14:32:59+00:00', 'followersCount': 9454, 'friendsCount': 3177, 'statusesCount': 368256, 'favouritesCount': 26036, 'listedCount': 1252, 'mediaCount': 25142, 'location': 'Gen√®ve, Suisse', 'protected': False, 'linkUrl': None, 'linkTcourl': None, 'profileImageUrl': 'https://pbs.twimg.com/profile_images/1247257113421848578/4Wp8RY1L_normal.jpg', 'profileBannerUrl': 'https://pbs.twimg.com/profile_banners/38676010/1397242743', 'url': 'https://twitter.com/jchernandezjazz'}",['http://youtu.be/hymKdrLpFz8?a'],['http://t.co/oEVDrGckQi'],0,1,1,0,5.75e+17,es,"<a href=""https://www.google.com/"" rel=""nofollow"">Google</a>",https://www.google.com/,Google,,,,"[{'username': 'YouTube', 'displayname': 'YouTube', 'id': 10228272, 'description': None, 'rawDescription': None, 'descriptionUrls': None, 'verified': None, 'created': None, 'followersCount': None, 'friendsCount': None, 'statusesCount': None, 'favouritesCount': None, 'listedCount': None, 'mediaCount': None, 'location': None, 'protected': None, 'linkUrl': None, 'linkTcourl': None, 'profileImageUrl': None, 'profileBannerUrl': None, 'url': 'https://twitter.com/YouTube'}, {'username': '_Jil_Love', 'displayname': 'Jil Love Revolution', 'id': 1219404367, 'description': None, 'rawDescription': None, 'descriptionUrls': None, 'verified': None, 'created': None, 'followersCount': None, 'friendsCount': None, 'statusesCount': None, 'favouritesCount': None, 'listedCount': None, 'mediaCount': None, 'location': None, 'protected': None, 'linkUrl': None, 'linkTcourl': None, 'profileImageUrl': None, 'profileBannerUrl': None, 'url': 'https://twitter.com/_Jil_Love'}]",J'aime une vido de - DESNUDA por AYOTZINAPA. Entrevista de Jil Love para Telemundo.,"[""J'aime"", 'une', 'vido', '-', 'DESNUDA', 'AYOTZINAPA', '.', 'Entrevista', 'Jil', 'Love', 'Telemundo', '.']"
34,11.0,0.8608999848365784,"rt, olvida, dice, omarel, iguala, yamecanse_ac, das, from, laalameda_aca, horas","['Hola', 'Sergio', 'Lupita', ',', 'buenos', 'das', ',', 'muertos', 'Ayotzinapa']","Hola,Sergio,Lupita,,,buenos,das,,,muertos,Ayotzinapa",https://twitter.com/julisadalilav58/status/575068555743338496,2015-03-09 23:00:02+00:00,"@rafaelmatiesp46   Hola Sergio y Lupita, buenos d√≠as, y de todos los muertos de Ayotzinapa","@rafaelmatiesp46   Hola Sergio y Lupita, buenos d√≠as, y de todos los muertos de Ayotzinapa",5.75e+17,"{'username': 'julisadalilav58', 'displayname': 'Julisa Andres', 'id': 2915886583, 'description': 'Somos una empresa Nari√±ense de material did√°ctico en madera, que deseamos que los ni√±os piensen en grande y disfruten su', 'rawDescription': 'Somos una empresa Nari√±ense de material did√°ctico en madera, que deseamos que los ni√±os piensen en grande y disfruten su', 'descriptionUrls': [], 'verified': False, 'created': '2014-12-01T17:59:04+00:00', 'followersCount': 10, 'friendsCount': 93, 'statusesCount': 576, 'favouritesCount': 282, 'listedCount': 1, 'mediaCount': 0, 'location': 'cuernavaca', 'protected': False, 'linkUrl': None, 'linkTcourl': None, 'profileImageUrl': 'https://pbs.twimg.com/profile_images/556156451182624769/McXkrVtC_normal.jpeg', 'profileBannerUrl': None, 'url': 'https://twitter.com/julisadalilav58'}",[],[],0,0,0,0,5.75e+17,es,"<a href=""https://www.facebook.com/"" rel=""nofollow"">Nicromanter</a>",https://www.facebook.com/,Nicromanter,,,,"[{'username': 'rafaelmatiesp46', 'displayname': 'Rafael Conde', 'id': 2915795808, 'description': None, 'rawDescription': None, 'descriptionUrls': None, 'verified': None, 'created': None, 'followersCount': None, 'friendsCount': None, 'statusesCount': None, 'favouritesCount': None, 'listedCount': None, 'mediaCount': None, 'location': None, 'protected': None, 'linkUrl': None, 'linkTcourl': None, 'profileImageUrl': None, 'profileBannerUrl': None, 'url': 'https://twitter.com/rafaelmatiesp46'}]","Hola Sergio y Lupita, buenos das, y de todos los muertos de Ayotzinapa","['Hola', 'Sergio', 'Lupita', ',', 'buenos', 'das', ',', 'muertos', 'Ayotzinapa']"
35,12.0,0.756600022315979,"mxico, mundo, popular, asamblea, nacional, solidaridad, ayotzinapa, hijos, hermanos, cocula","['Mxico', 'Ayotzinapa', ',', 'Ayotzinapa', '!']","Mxico,Ayotzinapa,,,Ayotzinapa,!",https://twitter.com/lapaopowers/status/574066624216485889,2015-03-07 04:38:43+00:00,"¬°M√©xico es Ayotzinapa, Ayotzinapa somos todos! @AyotzinapaFeed @TapiaFernanda @AccionGlobalPor @ayotzinapavive http://t.co/7qAdA2NDkc","¬°M√©xico es Ayotzinapa, Ayotzinapa somos todos! @AyotzinapaFeed @TapiaFernanda @AccionGlobalPor @ayotzinapavive http://t.co/7qAdA2NDkc",5.74e+17,"{'username': 'lapaopowers', 'displayname': 'La PAOdawan', 'id': 871000657, 'description': 'Coyoacanense, dise√±adora editorial, con un gusto ecl√©ctico en la m√∫sica, la fotograf√≠a, las letras, el arte.', 'rawDescription': 'Coyoacanense, dise√±adora editorial, con un gusto ecl√©ctico en la m√∫sica, la fotograf√≠a, las letras, el arte.', 'descriptionUrls': [], 'verified': False, 'created': '2012-10-10T02:44:01+00:00', 'followersCount': 542, 'friendsCount': 2201, 'statusesCount': 2599, 'favouritesCount': 19269, 'listedCount': 1, 'mediaCount': 364, 'location': '', 'protected': False, 'linkUrl': 'https://open.spotify.com/user/1281163105?si=MCJwE6wLTwiI1rRVZO_L1A', 'linkTcourl': 'https://t.co/I6nPffzkUI', 'profileImageUrl': 'https://pbs.twimg.com/profile_images/1350287932725354496/m8R8xy5b_normal.jpg', 'profileBannerUrl': 'https://pbs.twimg.com/profile_banners/871000657/1519156055', 'url': 'https://twitter.com/lapaopowers'}",[],[],0,4,0,0,5.74e+17,es,"<a href=""http://twitter.com/download/android"" rel=""nofollow"">Twitter for Android</a>",http://twitter.com/download/android,Twitter for Android,"[{'previewUrl': 'https://pbs.twimg.com/media/B_d-iqvUIAEPJH9?format=jpg&name=small', 'fullUrl': 'https://pbs.twimg.com/media/B_d-iqvUIAEPJH9?format=jpg&name=large', 'type': 'photo'}]",,,"[{'username': 'AyotzinapaFeed', 'displayname': 'AyotzinapaFeed', 'id': 2871590751, 'description': None, 'rawDescription': None, 'descriptionUrls': None, 'verified': None, 'created': None, 'followersCount': None, 'friendsCount': None, 'statusesCount': None, 'favouritesCount': None, 'listedCount': None, 'mediaCount': None, 'location': None, 'protected': None, 'linkUrl': None, 'linkTcourl': None, 'profileImageUrl': None, 'profileBannerUrl': None, 'url': 'https://twitter.com/AyotzinapaFeed'}, {'username': 'TapiaFernanda', 'displayname': 'Fernanda Tapia\u200f', 'id': 123738178, 'description': None, 'rawDescription': None, 'descriptionUrls': None, 'verified': None, 'created': None, 'followersCount': None, 'friendsCount': None, 'statusesCount': None, 'favouritesCount': None, 'listedCount': None, 'mediaCount': None, 'location': None, 'protected': None, 'linkUrl': None, 'linkTcourl': None, 'profileImageUrl': None, 'profileBannerUrl': None, 'url': 'https://twitter.com/TapiaFernanda'}, {'username': 'ayotzinapavive', 'displayname': 'Ayotzinapa Vive', 'id': 2892494268, 'description': None, 'rawDescription': None, 'descriptionUrls': None, 'verified': None, 'created': None, 'followersCount': None, 'friendsCount': None, 'statusesCount': None, 'favouritesCount': None, 'listedCount': None, 'mediaCount': None, 'location': None, 'protected': None, 'linkUrl': None, 'linkTcourl': None, 'profileImageUrl': None, 'profileBannerUrl': None, 'url': 'https://twitter.com/ayotzinapavive'}]","Mxico es Ayotzinapa, Ayotzinapa somos todos!","['Mxico', 'Ayotzinapa', ',', 'Ayotzinapa', '!']"
36,13.0,0.9114999771118164,"rt, ayotzinapafeed, yamecanse_ac, normalista, desinformemonos, dijo, el_universal_mx, gustavovela, golpe, comunidad","['yasminahomi', ':', 'RT', 'AyotzinapaFeed', ':', 'RT', 'GICECELA', ':', 'RT', 'AyotzinapaFeed', ':', 'RT', 'HAYDEETM', ':', 'RT', 'AyotzinapaFeed', ':', 'RT', 'alexxiavid', ':', 'RT', 'DIIMIID', ':']","yasminahomi,:,RT,AyotzinapaFeed,:,RT,GICECELA,:,RT,AyotzinapaFeed,:,RT,HAYDEETM,:,RT,AyotzinapaFeed,:,RT,alexxiavid,:,RT,DIIMIID,:",https://twitter.com/AyotzinapaFeed/status/577552512602996736,2015-03-16 19:30:24+00:00,RT yasminahomi: RT AyotzinapaFeed: RT GICECELA: RT AyotzinapaFeed: RT HAYDEETM: RT AyotzinapaFeed: RT alexxiavid: RT DIIMIID: #Ayotzinapa #‚Ä¶,RT yasminahomi: RT AyotzinapaFeed: RT GICECELA: RT AyotzinapaFeed: RT HAYDEETM: RT AyotzinapaFeed: RT alexxiavid: RT DIIMIID: #Ayotzinapa #‚Ä¶,5.78e+17,"{'username': 'AyotzinapaFeed', 'displayname': 'AyotzinapaFeed', 'id': 2871590751, 'description': 'Lucharemos contra toda la injusticia!', 'rawDescription': 'Lucharemos contra toda la injusticia!', 'descriptionUrls': [], 'verified': False, 'created': '2014-11-11T01:43:13+00:00', 'followersCount': 6182, 'friendsCount': 4, 'statusesCount': 1005137, 'favouritesCount': 3, 'listedCount': 220, 'mediaCount': 644493, 'location': '', 'protected': False, 'linkUrl': None, 'linkTcourl': None, 'profileImageUrl': 'https://pbs.twimg.com/profile_images/1063542946404999168/mEiw2YGa_normal.jpg', 'profileBannerUrl': 'https://pbs.twimg.com/profile_banners/2871590751/1542403375', 'url': 'https://twitter.com/AyotzinapaFeed'}",[],[],0,0,0,0,5.78e+17,in,"<a href=""https://ifttt.com"" rel=""nofollow"">IFTTT</a>",https://ifttt.com,IFTTT,,,,,yasminahomi: RT AyotzinapaFeed: RT GICECELA: RT AyotzinapaFeed: RT HAYDEETM: RT AyotzinapaFeed: RT alexxiavid: RT DIIMIID:,"['yasminahomi', ':', 'RT', 'AyotzinapaFeed', ':', 'RT', 'GICECELA', ':', 'RT', 'AyotzinapaFeed', ':', 'RT', 'HAYDEETM', ':', 'RT', 'AyotzinapaFeed', ':', 'RT', 'alexxiavid', ':', 'RT', 'DIIMIID', ':']"
37,14.0,0.8052999973297119,"pgr, foto, sigue, ayotzinapa, ser, compaeros, lo, ao, luchando, familia","['Australopitecuz', ':', 'DePrimera1050', 'Quieres', ',', 'voto', 'Carreras']","Australopitecuz,:,DePrimera1050,Quieres,,,voto,Carreras",https://twitter.com/AyotzinapaFeed/status/579335170198736896,2015-03-21 17:34:02+00:00,"RT Australopitecuz: DePrimera1050 Quieres un #Ayotzinapa en #SLP, ni un voto a Carreras http://t.co/bYScWvJHI6","RT Australopitecuz: DePrimera1050 Quieres un #Ayotzinapa en #SLP, ni un voto a Carreras pic.twitter.com/bYScWvJHI6",5.79335e+17,"{'username': 'AyotzinapaFeed', 'displayname': 'AyotzinapaFeed', 'id': 2871590751, 'description': 'Lucharemos contra toda la injusticia!', 'rawDescription': 'Lucharemos contra toda la injusticia!', 'descriptionUrls': [], 'verified': False, 'created': '2014-11-11T01:43:13+00:00', 'followersCount': 6182, 'friendsCount': 4, 'statusesCount': 1005137, 'favouritesCount': 3, 'listedCount': 220, 'mediaCount': 644493, 'location': '', 'protected': False, 'linkUrl': None, 'linkTcourl': None, 'profileImageUrl': 'https://pbs.twimg.com/profile_images/1063542946404999168/mEiw2YGa_normal.jpg', 'profileBannerUrl': 'https://pbs.twimg.com/profile_banners/2871590751/1542403375', 'url': 'https://twitter.com/AyotzinapaFeed'}",['https://twitter.com/Australopitecuz/status/573979686612549632/photo/1'],['http://t.co/bYScWvJHI6'],0,0,0,0,5.79335e+17,es,"<a href=""https://ifttt.com"" rel=""nofollow"">IFTTT</a>",https://ifttt.com,IFTTT,,,,,"Australopitecuz: DePrimera1050 Quieres un en , ni un voto a Carreras","['Australopitecuz', ':', 'DePrimera1050', 'Quieres', ',', 'voto', 'Carreras']"
38,15.0,0.8377000093460083,"guerrero, piden, jos, ayotzinapa, que, llega, polticos, para, ofrece, electoral","['Que', 'nunca', 'vuelva', 'ocurrir', 'Ayotzinapa', ',', 'ofrece', 'candidata', '...']","Que,nunca,vuelva,ocurrir,Ayotzinapa,,,ofrece,candidata,...",https://twitter.com/DrOndarza/status/574787128753721346,2015-03-09 04:21:45+00:00,"‚ÄúQue nunca vuelva a ocurrir‚Äù otro Ayotzinapa, ofrece candidata del... http://t.co/aZsbAXt4QI","‚ÄúQue nunca vuelva a ocurrir‚Äù otro Ayotzinapa, ofrece candidata del... fb.me/37PQEJLNC",5.75e+17,"{'username': 'DrOndarza', 'displayname': 'Rodolfo Ondarza', 'id': 550377781, 'description': 'Neurocirujano. Inv Neurociencias. M en C. Doctor Honoris Causa Def DDHH ONG pres Mon Obispo Ra√∫l Vera. Ex dip Mayor√≠a PT. Ex Presidente Com Salud. Periodista', 'rawDescription': 'Neurocirujano. Inv Neurociencias. M en C. Doctor Honoris Causa Def DDHH ONG pres Mon Obispo Ra√∫l Vera. Ex dip Mayor√≠a PT. Ex Presidente Com Salud. Periodista', 'descriptionUrls': [], 'verified': False, 'created': '2012-04-10T19:25:13+00:00', 'followersCount': 7455, 'friendsCount': 8203, 'statusesCount': 80318, 'favouritesCount': 13987, 'listedCount': 46, 'mediaCount': 4788, 'location': ' Tlalpan Ciudad de M√©xico', 'protected': False, 'linkUrl': None, 'linkTcourl': None, 'profileImageUrl': 'https://pbs.twimg.com/profile_images/533769820412846080/L9JfNOxx_normal.jpeg', 'profileBannerUrl': 'https://pbs.twimg.com/profile_banners/550377781/1416095613', 'url': 'https://twitter.com/DrOndarza'}",['http://fb.me/37PQEJLNC'],['http://t.co/aZsbAXt4QI'],0,0,0,0,5.75e+17,es,"<a href=""http://www.facebook.com/twitter"" rel=""nofollow"">Facebook</a>",http://www.facebook.com/twitter,Facebook,,,,,"Que nunca vuelva a ocurrir otro Ayotzinapa, ofrece candidata del...","['Que', 'nunca', 'vuelva', 'ocurrir', 'Ayotzinapa', ',', 'ofrece', 'candidata', '...']"
43,16.0,0.7226999998092651,"cerrar, julioastillero, df, pm, personas, muri, aristeguionline, este, realizarn, guerra","['Diez', 'razones', 'cerrar', 'caso', '(', 'equipo', 'jurdico', ')', '.']","Diez,razones,cerrar,caso,(,equipo,jurdico,),.",https://twitter.com/cancerbero_real/status/573898040831946752,2015-03-06 17:28:50+00:00,Diez razones para no cerrar el caso #Ayotzinapa (equipo jur√≠dico). https://t.co/ExYWxetFdL ‚Ä¶ http://t.co/JzVc0wN5kI,Diez razones para no cerrar el caso #Ayotzinapa (equipo jur√≠dico). youtube.com/watch?v=YwvB5_‚Ä¶ ‚Ä¶ http://t.co/JzVc0wN5kI,5.74e+17,"{'username': 'cancerbero_real', 'displayname': 'Cancerbero Real', 'id': 147067372, 'description': 'Jefe de Informaci√≥n de ""Sin Censura"", ""Sin Censura Nocturno"" y ""Sin Censura Presenta"". Doctor en Historia por la FFyL de la UNAM.', 'rawDescription': 'Jefe de Informaci√≥n de ""Sin Censura"", ""Sin Censura Nocturno"" y ""Sin Censura Presenta"". Doctor en Historia por la FFyL de la UNAM.', 'descriptionUrls': [], 'verified': False, 'created': '2010-05-23T03:52:32+00:00', 'followersCount': 7020, 'friendsCount': 119, 'statusesCount': 305602, 'favouritesCount': 0, 'listedCount': 97, 'mediaCount': 140600, 'location': 'Ciudad de M√©xico.', 'protected': False, 'linkUrl': None, 'linkTcourl': None, 'profileImageUrl': 'https://pbs.twimg.com/profile_images/657011585957801985/9lKsMssx_normal.png', 'profileBannerUrl': 'https://pbs.twimg.com/profile_banners/147067372/1434047209', 'url': 'https://twitter.com/cancerbero_real'}",['https://www.youtube.com/watch?v=YwvB5_z7SiI&list=PLFlX4x6-Gen5DhJ2FHN7K4-GfnCAnKVQA'],['https://t.co/ExYWxetFdL'],0,0,0,0,5.74e+17,es,"<a href=""http://www.twitshot.com"" rel=""nofollow"">Twitshot.com</a>",http://www.twitshot.com,Twitshot.com,"[{'previewUrl': 'https://pbs.twimg.com/media/B_blOjbU0AA2NOy?format=jpg&name=small', 'fullUrl': 'https://pbs.twimg.com/media/B_blOjbU0AA2NOy?format=jpg&name=large', 'type': 'photo'}]",,,,Diez razones para no cerrar el caso (equipo jurdico).,"['Diez', 'razones', 'cerrar', 'caso', '(', 'equipo', 'jurdico', ')', '.']"
45,17.0,0.756600022315979,"el, ayotzinapa, revolucin, ciudadanos, todava, palabritadepape, solidarity, mismo, adn, punto","['El', 'mismo', 'resentimiento', 'Lomas', 'Taurinas', 'resentimiento', 'Ayotzinapa', ':']","El,mismo,resentimiento,Lomas,Taurinas,resentimiento,Ayotzinapa,:",https://twitter.com/VladRothschuh/status/580302961986936832,2015-03-24 09:39:42+00:00,El mismo resentimiento de Lomas Taurinas es el resentimiento de Ayotzinapa: http://t.co/U8yniAHT2q,El mismo resentimiento de Lomas Taurinas es el resentimiento de Ayotzinapa: buff.ly/1EE0YDj,5.80303e+17,"{'username': 'VladRothschuh', 'displayname': 'PALACIO NACIONAL üâê', 'id': 375330011, 'description': 'Periodista, Editor, Autor.\n#PalacioNacional', 'rawDescription': 'Periodista, Editor, Autor.\n#PalacioNacional', 'descriptionUrls': [], 'verified': False, 'created': '2011-09-17T23:01:07+00:00', 'followersCount': 17332, 'friendsCount': 18610, 'statusesCount': 268348, 'favouritesCount': 8081, 'listedCount': 35, 'mediaCount': 28370, 'location': 'M√©xico', 'protected': False, 'linkUrl': 'https://www.vladimirrothschuh.com/', 'linkTcourl': 'https://t.co/FfgYNQ7WJv', 'profileImageUrl': 'https://pbs.twimg.com/profile_images/1384915824834535425/q7RgpbDP_normal.jpg', 'profileBannerUrl': 'https://pbs.twimg.com/profile_banners/375330011/1607080875', 'url': 'https://twitter.com/VladRothschuh'}",['http://buff.ly/1EE0YDj'],['http://t.co/U8yniAHT2q'],0,0,0,0,5.80303e+17,es,"<a href=""https://buffer.com"" rel=""nofollow"">Buffer</a>",https://buffer.com,Buffer,,,,,El mismo resentimiento de Lomas Taurinas es el resentimiento de Ayotzinapa:,"['El', 'mismo', 'resentimiento', 'Lomas', 'Taurinas', 'resentimiento', 'Ayotzinapa', ':']"
49,18.0,0.756600022315979,"loe_, sept, rt, pgr_mx, gastospendejos, noticias, vivo, honor, people, christian","['matyht2005', ':', 'RT', 'Loe_25sept', ':', '``', ':', 'abogado']","matyht2005,:,RT,Loe_25sept,:,``,:,abogado",https://twitter.com/AyotzinapaFeed/status/580831972546732032,2015-03-25 20:41:48+00:00,"RT matyht2005: RT Loe_25sept: #HastaLaMadre ""#Ayotzinapa es #Desaparici√≥nForzada y #CrimenDeLesaHumanidad: abogado‚Ä¶ http://t.co/rmZ6c9sa9w","RT matyht2005: RT Loe_25sept: #HastaLaMadre ""#Ayotzinapa es #Desaparici√≥nForzada y #CrimenDeLesaHumanidad: abogado‚Ä¶ http://t.co/rmZ6c9sa9w",5.80832e+17,"{'username': 'AyotzinapaFeed', 'displayname': 'AyotzinapaFeed', 'id': 2871590751, 'description': 'Lucharemos contra toda la injusticia!', 'rawDescription': 'Lucharemos contra toda la injusticia!', 'descriptionUrls': [], 'verified': False, 'created': '2014-11-11T01:43:13+00:00', 'followersCount': 6182, 'friendsCount': 4, 'statusesCount': 1005137, 'favouritesCount': 3, 'listedCount': 220, 'mediaCount': 644493, 'location': '', 'protected': False, 'linkUrl': None, 'linkTcourl': None, 'profileImageUrl': 'https://pbs.twimg.com/profile_images/1063542946404999168/mEiw2YGa_normal.jpg', 'profileBannerUrl': 'https://pbs.twimg.com/profile_banners/2871590751/1542403375', 'url': 'https://twitter.com/AyotzinapaFeed'}",[],[],0,0,0,0,5.80832e+17,es,"<a href=""https://ifttt.com"" rel=""nofollow"">IFTTT</a>",https://ifttt.com,IFTTT,"[{'previewUrl': 'https://pbs.twimg.com/media/CA96fcFVIAABvtV?format=jpg&name=small', 'fullUrl': 'https://pbs.twimg.com/media/CA96fcFVIAABvtV?format=jpg&name=large', 'type': 'photo'}]",,,,"matyht2005: RT Loe_25sept: "" es y : abogado","['matyht2005', ':', 'RT', 'Loe_25sept', ':', '``', ':', 'abogado']"
51,19.0,0.8051999807357788,"juanchoelhereje, crimen, caravana, est, con, you, ayotzinapa, exigir, poder, jvenes","['Dejamos', 'pgina', 'Prensa', 'propaganda', 'Ayotzinapa', '....']","Dejamos,pgina,Prensa,propaganda,Ayotzinapa,....",https://twitter.com/ChantiOllin/status/572741607025319939,2015-03-03 12:53:34+00:00,Dejamos la p√°gina de Prensa y propaganda de  Ayotzinapa.... http://t.co/1VoQ5BLnop,Dejamos la p√°gina de Prensa y propaganda de  Ayotzinapa.... fb.me/2YESKWhZk,5.73e+17,"{'username': 'ChantiOllin', 'displayname': 'Chanti Ollin', 'id': 291632887, 'description': 'Chanti-Ollin proyecto pol√≠tico-cultural.', 'rawDescription': 'Chanti-Ollin proyecto pol√≠tico-cultural.', 'descriptionUrls': [], 'verified': False, 'created': '2011-05-02T10:56:26+00:00', 'followersCount': 1682, 'friendsCount': 178, 'statusesCount': 68906, 'favouritesCount': 14, 'listedCount': 30, 'mediaCount': 2089, 'location': 'Tenochtitl√°n M√©xico', 'protected': False, 'linkUrl': 'http://chantiollin.blogspot.com/', 'linkTcourl': 'https://t.co/WRhrrnu1rR', 'profileImageUrl': 'https://pbs.twimg.com/profile_images/582152982956896257/wy5jZ75R_normal.png', 'profileBannerUrl': 'https://pbs.twimg.com/profile_banners/291632887/1412063845', 'url': 'https://twitter.com/ChantiOllin'}",['http://fb.me/2YESKWhZk'],['http://t.co/1VoQ5BLnop'],0,0,0,0,5.73e+17,es,"<a href=""http://www.facebook.com/twitter"" rel=""nofollow"">Facebook</a>",http://www.facebook.com/twitter,Facebook,,,,,Dejamos la pgina de Prensa y propaganda de Ayotzinapa....,"['Dejamos', 'pgina', 'Prensa', 'propaganda', 'Ayotzinapa', '....']"
52,20.0,0.756600022315979,"meses, ayotzinapa, marchan, ngel, state, monumento, desaparecido, miedo, dolor, madre","['Grafitis', 'Ayotzinapa', 'ngel', 'Independencia']","Grafitis,Ayotzinapa,ngel,Independencia",https://twitter.com/peblobarma/status/573507049801146368,2015-03-05 15:35:10+00:00,Grafitis Ayotzinapa √Ångel de la Independencia http://t.co/GFBZs7KkXR,Grafitis Ayotzinapa √Ångel de la Independencia disq.us/8mg7gp,5.74e+17,"{'username': 'peblobarma', 'displayname': 'pablo escobar', 'id': 3035040745, 'description': '', 'rawDescription': '', 'descriptionUrls': [], 'verified': False, 'created': '2015-02-21T17:12:15+00:00', 'followersCount': 8, 'friendsCount': 67, 'statusesCount': 173, 'favouritesCount': 0, 'listedCount': 0, 'mediaCount': 2, 'location': '', 'protected': False, 'linkUrl': None, 'linkTcourl': None, 'profileImageUrl': 'https://pbs.twimg.com/profile_images/569183427690119168/1k2vM4yy_normal.jpeg', 'profileBannerUrl': None, 'url': 'https://twitter.com/peblobarma'}",['http://disq.us/8mg7gp'],['http://t.co/GFBZs7KkXR'],2,0,0,0,5.74e+17,es,"<a href=""http://twitter.com"" rel=""nofollow"">Twitter Web Client</a>",http://twitter.com,Twitter Web Client,,,,,Grafitis Ayotzinapa ngel de la Independencia,"['Grafitis', 'Ayotzinapa', 'ngel', 'Independencia']"
53,21.0,0.9114999771118164,"marzo, hijo, hernndez, informa, maana, poltico, ayotzinapa, respeto, foro, rumbo","['Mujeres', 'Ayotzinapa', ':', 'Videos', 'acto', 'poltico', ',', 'cultural', 'musical', 'Mercado', 'Bola', ':', 'A', 'partir', '...']","Mujeres,Ayotzinapa,:,Videos,acto,poltico,,,cultural,musical,Mercado,Bola,:,A,partir,...",https://twitter.com/RSS_imcmx/status/574818785284132864,2015-03-09 06:27:32+00:00,"Mujeres por Ayotzinapa: Videos del acto pol√≠tico, cultural y musical en el Mercado de la Bola: A partir del me... http://t.co/4CPdcVqnI5","Mujeres por Ayotzinapa: Videos del acto pol√≠tico, cultural y musical en el Mercado de la Bola: A partir del me... bit.ly/1HkrTag",5.75e+17,"{'username': 'RSS_imcmx', 'displayname': 'Solo RSS de IMC Mex', 'id': 156116797, 'description': '¬°El feed de RSS de IMC Mexico en twitter! ¬°Ojo! ¬°NO ES OFICIAL! Nadie de IMC-Mex controla esto. Lo creamos solamente para no tener que usar un lector de RSS.', 'rawDescription': '¬°El feed de RSS de IMC Mexico en twitter! ¬°Ojo! ¬°NO ES OFICIAL! Nadie de IMC-Mex controla esto. Lo creamos solamente para no tener que usar un lector de RSS.', 'descriptionUrls': [], 'verified': False, 'created': '2010-06-16T02:09:42+00:00', 'followersCount': 59, 'friendsCount': 16, 'statusesCount': 2393, 'favouritesCount': 0, 'listedCount': 8, 'mediaCount': 2, 'location': 'Ciudad Sin Miedo, Mexico', 'protected': False, 'linkUrl': 'http://mexico.indymedia.org/', 'linkTcourl': 'http://t.co/lcsURdmh57', 'profileImageUrl': 'https://abs.twimg.com/sticky/default_profile_images/default_profile_normal.png', 'profileBannerUrl': None, 'url': 'https://twitter.com/RSS_imcmx'}",['http://bit.ly/1HkrTag'],['http://t.co/4CPdcVqnI5'],0,0,0,0,5.75e+17,es,"<a href=""http://twitterfeed.com"" rel=""nofollow"">twitterfeed</a>",http://twitterfeed.com,twitterfeed,,,,,"Mujeres por Ayotzinapa: Videos del acto poltico, cultural y musical en el Mercado de la Bola: A partir del me...","['Mujeres', 'Ayotzinapa', ':', 'Videos', 'acto', 'poltico', ',', 'cultural', 'musical', 'Mercado', 'Bola', ':', 'A', 'partir', '...']"
55,22.0,0.8052999973297119,"oaxaca, luis, ayotzinapa, parte, vs, entonces, gonzlez, pueden, ortega, problema","['MAGDALENO', 'RUBEN', 'LAURO', 'VILLEGAS']","MAGDALENO,RUBEN,LAURO,VILLEGAS",https://twitter.com/JohnGouvas/status/575045025119211522,2015-03-09 21:26:32+00:00,"36 MAGDALENO RUBEN LAURO VILLEGAS 

#Ayotzinapa
#NiPerdonNiOlvido
#M√©xico 
#AyotzinapaSomosTodos
#YaMeCanse http://t.co/stE0JKFsp4","36 MAGDALENO RUBEN LAURO VILLEGAS 

#Ayotzinapa
#NiPerdonNiOlvido
#M√©xico 
#AyotzinapaSomosTodos
#YaMeCanse http://t.co/stE0JKFsp4",5.75e+17,"{'username': 'JohnGouvas', 'displayname': 'John Gouvas', 'id': 979838041, 'description': ""¬´Œ∫Œ±·Ω∂ ·ΩÑŒΩŒøŒºŒ± Œº·Ω≤ŒΩ Œ¥Œπ·Ω∞ œÑ·Ω∏ Œº·Ω¥ ·ºêœÇ ·ΩÄŒªŒØŒ≥ŒøœÖœÇ ·ºÄŒªŒª' ·ºêœÇ œÄŒªŒµŒØŒøŒΩŒ±œÇ Œø·º∞Œ∫Œµ·øñŒΩ ŒîŒ∑ŒºŒøŒ∫œÅŒ±œÑŒØŒ± Œ∫Œ≠Œ∫ŒªŒ∑œÑŒ±Œπ ¬∑ ŒºŒ≠œÑŒµœÉœÑŒπ Œ¥·Ω≤ Œ∫Œ±œÑ·Ω∞ Œº·Ω≤ŒΩ œÑŒø·Ω∫œÇ ŒΩœåŒºŒøœÖœÇ œÄœÅ·Ω∏œÇ œÑ·Ω∞ ·º¥Œ¥ŒπŒ± Œ¥ŒπŒ¨œÜŒøœÅŒ± œÄ·æ∂œÉŒπ œÑ·Ω∏ ·º¥œÉŒøŒΩ¬ª"", 'rawDescription': ""¬´Œ∫Œ±·Ω∂ ·ΩÑŒΩŒøŒºŒ± Œº·Ω≤ŒΩ Œ¥Œπ·Ω∞ œÑ·Ω∏ Œº·Ω¥ ·ºêœÇ ·ΩÄŒªŒØŒ≥ŒøœÖœÇ ·ºÄŒªŒª' ·ºêœÇ œÄŒªŒµŒØŒøŒΩŒ±œÇ Œø·º∞Œ∫Œµ·øñŒΩ ŒîŒ∑ŒºŒøŒ∫œÅŒ±œÑŒØŒ± Œ∫Œ≠Œ∫ŒªŒ∑œÑŒ±Œπ ¬∑ ŒºŒ≠œÑŒµœÉœÑŒπ Œ¥·Ω≤ Œ∫Œ±œÑ·Ω∞ Œº·Ω≤ŒΩ œÑŒø·Ω∫œÇ ŒΩœåŒºŒøœÖœÇ œÄœÅ·Ω∏œÇ œÑ·Ω∞ ·º¥Œ¥ŒπŒ± Œ¥ŒπŒ¨œÜŒøœÅŒ± œÄ·æ∂œÉŒπ œÑ·Ω∏ ·º¥œÉŒøŒΩ¬ª"", 'descriptionUrls': [], 'verified': False, 'created': '2012-11-30T05:42:13+00:00', 'followersCount': 779, 'friendsCount': 943, 'statusesCount': 35737, 'favouritesCount': 28373, 'listedCount': 24, 'mediaCount': 3662, 'location': '¬´ŒºœåŒΩŒøŒπ Œ≥·Ω∞œÅ œÑœåŒΩ œÑŒµ ŒºŒ∑Œ¥·Ω≤ŒΩ œÑ·ø∂ŒΩŒ¥Œµ ŒºŒµœÑŒ≠œáŒøŒΩœÑŒ± Œø·ΩêŒ∫ ·ºÄœÄœÅŒ¨Œ≥ŒºŒøŒΩŒ±, ·ºÄŒªŒª·æø ·ºÄœáœÅŒµ·øñŒøŒΩ ŒΩŒøŒºŒØŒ∂ŒøŒºŒµŒΩ¬ª', 'protected': False, 'linkUrl': None, 'linkTcourl': None, 'profileImageUrl': 'https://pbs.twimg.com/profile_images/935215386211049472/R0Nv5LlB_normal.jpg', 'profileBannerUrl': 'https://pbs.twimg.com/profile_banners/979838041/1483735468', 'url': 'https://twitter.com/JohnGouvas'}",[],[],0,2,0,0,5.75e+17,es,"<a href=""http://twitter.com"" rel=""nofollow"">Twitter Web Client</a>",http://twitter.com,Twitter Web Client,"[{'previewUrl': 'https://pbs.twimg.com/media/B_r4Zw_WYAEGNX7?format=png&name=small', 'fullUrl': 'https://pbs.twimg.com/media/B_r4Zw_WYAEGNX7?format=png&name=large', 'type': 'photo'}]",,,,MAGDALENO RUBEN LAURO VILLEGAS,"['MAGDALENO', 'RUBEN', 'LAURO', 'VILLEGAS']"
57,23.0,0.8608999848365784,"accionglobalpor, students, rt, for, in, via, missing, of, tras, with","['Found', 'live', 'stream', 'of', 'todays', 'protests', 'in', 'for', 'missing', 'students', 'of']","Found,live,stream,of,todays,protests,in,for,missing,students,of",https://twitter.com/reportedly/status/575449573520379904,2015-03-11 00:14:04+00:00,Found a live stream of todays #Televisa protests in #MexicoCity for missing 43 students of #Ayotzinapa http://t.co/VMg3k7OYac,Found a live stream of todays #Televisa protests in #MexicoCity for missing 43 students of #Ayotzinapa ustream.tv/recorded/59754‚Ä¶,5.75e+17,"{'username': 'reportedly', 'displayname': 'reported.ly', 'id': 2902546372, 'description': 'Human rights and social justice news from around the world, as seen through social media. Hosted by @acarvin, @alaskaHQ, @asteris, @kimbui & @wendycarrillo.', 'rawDescription': 'Human rights and social justice news from around the world, as seen through social media. Hosted by @acarvin, @alaskaHQ, @asteris, @kimbui & @wendycarrillo.', 'descriptionUrls': [], 'verified': True, 'created': '2014-12-02T16:36:31+00:00', 'followersCount': 29021, 'friendsCount': 4162, 'statusesCount': 56423, 'favouritesCount': 955, 'listedCount': 1466, 'mediaCount': 7099, 'location': 'Wherever the story takes us', 'protected': False, 'linkUrl': 'http://reported.ly', 'linkTcourl': 'http://t.co/qF0rWKxpfU', 'profileImageUrl': 'https://pbs.twimg.com/profile_images/616255057407967233/FTe7bSUQ_normal.jpg', 'profileBannerUrl': 'https://pbs.twimg.com/profile_banners/2902546372/1417830356', 'url': 'https://twitter.com/reportedly'}",['http://www.ustream.tv/recorded/59754619'],['http://t.co/VMg3k7OYac'],1,0,0,0,5.75e+17,en,"<a href=""http://twitter.com"" rel=""nofollow"">Twitter Web Client</a>",http://twitter.com,Twitter Web Client,,,,,Found a live stream of todays protests in for missing students of,"['Found', 'live', 'stream', 'of', 'todays', 'protests', 'in', 'for', 'missing', 'students', 'of']"
58,24.0,0.8758999705314636,"no, de, lolareinadelsur, un, ya, and, qu, tragedia, ayotzinapa, esclarecer","['Alguien', 'acuerda', 'losnormalistas', 'Ayotzinapa', '?', 'No', '.', 'No', '.', 'No', '.', 'No', '.', 'No', '.', 'No', '.', 'No', '.', 'No', '.', 'No', '.', 'No', '.', 'No', '.', 'No', '.', 'No', '.', 'No', '.']","Alguien,acuerda,losnormalistas,Ayotzinapa,?,No,.,No,.,No,.,No,.,No,.,No,.,No,.,No,.,No,.,No,.,No,.,No,.,No,.,No,.",https://twitter.com/BRINQUIITOS/status/574404263901704192,2015-03-08 03:00:23+00:00,"‚Äî ¬øAlguien se acuerda de los
normalistas de Ayotzinapa?
‚Äî No.
‚Äî No.
‚Äî No.
‚Äî No.
‚Äî No.
‚Äî No.
‚Äî No.
‚Äî No.
‚Äî No.
‚Äî No.
‚Äî No.
‚Äî No.
‚Äî No.
‚Äî No.","‚Äî ¬øAlguien se acuerda de los
normalistas de Ayotzinapa?
‚Äî No.
‚Äî No.
‚Äî No.
‚Äî No.
‚Äî No.
‚Äî No.
‚Äî No.
‚Äî No.
‚Äî No.
‚Äî No.
‚Äî No.
‚Äî No.
‚Äî No.
‚Äî No.",5.74e+17,"{'username': 'BRINQUIITOS', 'displayname': 'BRINQUITOS', 'id': 101067580, 'description': 'Sociologo, mam√≥n, melomano, hipster, chancero, warro, intelectual, troll, cinefilo, futbolero, art lover, fan de la lucha libre y m√°s.\n100% FCPyS-PUMAS-UNAM', 'rawDescription': 'Sociologo, mam√≥n, melomano, hipster, chancero, warro, intelectual, troll, cinefilo, futbolero, art lover, fan de la lucha libre y m√°s.\n100% FCPyS-PUMAS-UNAM', 'descriptionUrls': [], 'verified': False, 'created': '2010-01-01T21:56:35+00:00', 'followersCount': 28647, 'friendsCount': 1926, 'statusesCount': 120080, 'favouritesCount': 47775, 'listedCount': 173, 'mediaCount': 11751, 'location': 'Ruclusorio Norte', 'protected': False, 'linkUrl': 'http://www.xvideos.com', 'linkTcourl': 'https://t.co/88OCw90Dzp', 'profileImageUrl': 'https://pbs.twimg.com/profile_images/1303441351795707905/8OOaEFGp_normal.jpg', 'profileBannerUrl': 'https://pbs.twimg.com/profile_banners/101067580/1423699412', 'url': 'https://twitter.com/BRINQUIITOS'}",[],[],3,5,6,0,5.74e+17,es,"<a href=""http://twitter.com"" rel=""nofollow"">Twitter Web Client</a>",http://twitter.com,Twitter Web Client,,,,,Alguien se acuerda de losnormalistas de Ayotzinapa? No. No. No. No. No. No. No. No. No. No. No. No. No. No.,"['Alguien', 'acuerda', 'losnormalistas', 'Ayotzinapa', '?', 'No', '.', 'No', '.', 'No', '.', 'No', '.', 'No', '.', 'No', '.', 'No', '.', 'No', '.', 'No', '.', 'No', '.', 'No', '.', 'No', '.', 'No', '.', 'No', '.']"
59,25.0,0.9114999771118164,"marcha, pajaropolitico, madres, fotos, ayotzinapa, televisa, encabezada, hicieron, rt, anuncian","['Lunapaco2012', ':', 'RT', 'Pajaropolitico', ':', 'Madres', 'anuncian', 'toma', 'simblica', 'Televisa', 'TV', 'Azteca']","Lunapaco2012,:,RT,Pajaropolitico,:,Madres,anuncian,toma,simblica,Televisa,TV,Azteca",https://twitter.com/AyotzinapaFeed/status/574903849321889792,2015-03-09 12:05:33+00:00,RT Lunapaco2012: RT Pajaropolitico: Madres de #Ayotzinapa anuncian toma simb√≥lica de Televisa y TV Azteca ‚Ä¶ http://t.co/BHV3hN6TrD,RT Lunapaco2012: RT Pajaropolitico: Madres de #Ayotzinapa anuncian toma simb√≥lica de Televisa y TV Azteca ‚Ä¶ http://t.co/BHV3hN6TrD,5.75e+17,"{'username': 'AyotzinapaFeed', 'displayname': 'AyotzinapaFeed', 'id': 2871590751, 'description': 'Lucharemos contra toda la injusticia!', 'rawDescription': 'Lucharemos contra toda la injusticia!', 'descriptionUrls': [], 'verified': False, 'created': '2014-11-11T01:43:13+00:00', 'followersCount': 6182, 'friendsCount': 4, 'statusesCount': 1005137, 'favouritesCount': 3, 'listedCount': 220, 'mediaCount': 644493, 'location': '', 'protected': False, 'linkUrl': None, 'linkTcourl': None, 'profileImageUrl': 'https://pbs.twimg.com/profile_images/1063542946404999168/mEiw2YGa_normal.jpg', 'profileBannerUrl': 'https://pbs.twimg.com/profile_banners/2871590751/1542403375', 'url': 'https://twitter.com/AyotzinapaFeed'}",[],[],0,1,0,0,5.75e+17,es,"<a href=""https://ifttt.com"" rel=""nofollow"">IFTTT</a>",https://ifttt.com,IFTTT,"[{'previewUrl': 'https://pbs.twimg.com/media/B_nkmKxUsAA5Elg?format=jpg&name=small', 'fullUrl': 'https://pbs.twimg.com/media/B_nkmKxUsAA5Elg?format=jpg&name=large', 'type': 'photo'}]",,,,Lunapaco2012: RT Pajaropolitico: Madres de anuncian toma simblica de Televisa y TV Azteca,"['Lunapaco2012', ':', 'RT', 'Pajaropolitico', ':', 'Madres', 'anuncian', 'toma', 'simblica', 'Televisa', 'TV', 'Azteca']"
60,26.0,0.8051999807357788,"lucha, yosoy, pas, es, miembros, seguir, lenagarfe, pedir, triste, chitown","['Es', 'Imbcil', 'pedir', 'Reina', 'regae', '!', 'NCB', '-3-15']","Es,Imbcil,pedir,Reina,regae,!,NCB,-3-15",https://twitter.com/NoticiasConBote/status/572994819921985536,2015-03-04 05:39:45+00:00,¬°Es Imb√©cil pedir a Reina de #Inglaterra que rega√±e a #EPN por #Ayotzinapa! NCB 3-3-15 http://t.co/2TOUpwuM6N @Jonapolifo3_0 @Apocalipsis316,¬°Es Imb√©cil pedir a Reina de #Inglaterra que rega√±e a #EPN por #Ayotzinapa! NCB 3-3-15 ow.ly/JU7Gl @Jonapolifo3_0 @Apocalipsis316,5.73e+17,"{'username': 'NoticiasConBote', 'displayname': 'NoticiasConElBote', 'id': 901855280, 'description': 'Canal en twitter del programa #Opini√≥nEnSerio con Gerardo De La Huerta', 'rawDescription': 'Canal en twitter del programa #Opini√≥nEnSerio con Gerardo De La Huerta', 'descriptionUrls': [], 'verified': False, 'created': '2012-10-24T13:45:10+00:00', 'followersCount': 130, 'friendsCount': 17, 'statusesCount': 67173, 'favouritesCount': 0, 'listedCount': 12, 'mediaCount': 1217, 'location': '', 'protected': False, 'linkUrl': 'http://opinionenserio.com', 'linkTcourl': 'https://t.co/nsfO4zWaXk', 'profileImageUrl': 'https://pbs.twimg.com/profile_images/1366982890488295429/5BCfmVlo_normal.jpg', 'profileBannerUrl': 'https://pbs.twimg.com/profile_banners/901855280/1614749124', 'url': 'https://twitter.com/NoticiasConBote'}",['http://ow.ly/JU7Gl'],['http://t.co/2TOUpwuM6N'],0,1,0,0,5.73e+17,es,"<a href=""http://www.hootsuite.com"" rel=""nofollow"">Hootsuite</a>",http://www.hootsuite.com,Hootsuite,,,,"[{'username': 'Jonapolifo3_0', 'displayname': 'Jonathan P√©rez I.', 'id': 60922766, 'description': None, 'rawDescription': None, 'descriptionUrls': None, 'verified': None, 'created': None, 'followersCount': None, 'friendsCount': None, 'statusesCount': None, 'favouritesCount': None, 'listedCount': None, 'mediaCount': None, 'location': None, 'protected': None, 'linkUrl': None, 'linkTcourl': None, 'profileImageUrl': None, 'profileBannerUrl': None, 'url': 'https://twitter.com/Jonapolifo3_0'}, {'username': 'Apocalipsis316', 'displayname': 'Apocalipsis 3.16', 'id': 94736884, 'description': None, 'rawDescription': None, 'descriptionUrls': None, 'verified': None, 'created': None, 'followersCount': None, 'friendsCount': None, 'statusesCount': None, 'favouritesCount': None, 'listedCount': None, 'mediaCount': None, 'location': None, 'protected': None, 'linkUrl': None, 'linkTcourl': None, 'profileImageUrl': None, 'profileBannerUrl': None, 'url': 'https://twitter.com/Apocalipsis316'}]",Es Imbcil pedir a Reina de que regae a por ! NCB -3-15,"['Es', 'Imbcil', 'pedir', 'Reina', 'regae', '!', 'NCB', '-3-15']"
62,27.0,0.756600022315979,"gobierno, movimiento, da, lajornadaonline, noticiasmvs, dicen, vctimas, sal, hacen, mi","['SAL', 'BRUNO', 'GARCIA']","SAL,BRUNO,GARCIA",https://twitter.com/JohnGouvas/status/575046168000008192,2015-03-09 21:31:04+00:00,"43 SA√öL BRUNO GARCIA 

#Ayotzinapa
#NiPerdonNiOlvido
#M√©xico  
#AyotzinapaSomosTodos
#YaMeCanse http://t.co/i2WOz7dVBH","43 SA√öL BRUNO GARCIA 

#Ayotzinapa
#NiPerdonNiOlvido
#M√©xico  
#AyotzinapaSomosTodos
#YaMeCanse http://t.co/i2WOz7dVBH",5.75e+17,"{'username': 'JohnGouvas', 'displayname': 'John Gouvas', 'id': 979838041, 'description': ""¬´Œ∫Œ±·Ω∂ ·ΩÑŒΩŒøŒºŒ± Œº·Ω≤ŒΩ Œ¥Œπ·Ω∞ œÑ·Ω∏ Œº·Ω¥ ·ºêœÇ ·ΩÄŒªŒØŒ≥ŒøœÖœÇ ·ºÄŒªŒª' ·ºêœÇ œÄŒªŒµŒØŒøŒΩŒ±œÇ Œø·º∞Œ∫Œµ·øñŒΩ ŒîŒ∑ŒºŒøŒ∫œÅŒ±œÑŒØŒ± Œ∫Œ≠Œ∫ŒªŒ∑œÑŒ±Œπ ¬∑ ŒºŒ≠œÑŒµœÉœÑŒπ Œ¥·Ω≤ Œ∫Œ±œÑ·Ω∞ Œº·Ω≤ŒΩ œÑŒø·Ω∫œÇ ŒΩœåŒºŒøœÖœÇ œÄœÅ·Ω∏œÇ œÑ·Ω∞ ·º¥Œ¥ŒπŒ± Œ¥ŒπŒ¨œÜŒøœÅŒ± œÄ·æ∂œÉŒπ œÑ·Ω∏ ·º¥œÉŒøŒΩ¬ª"", 'rawDescription': ""¬´Œ∫Œ±·Ω∂ ·ΩÑŒΩŒøŒºŒ± Œº·Ω≤ŒΩ Œ¥Œπ·Ω∞ œÑ·Ω∏ Œº·Ω¥ ·ºêœÇ ·ΩÄŒªŒØŒ≥ŒøœÖœÇ ·ºÄŒªŒª' ·ºêœÇ œÄŒªŒµŒØŒøŒΩŒ±œÇ Œø·º∞Œ∫Œµ·øñŒΩ ŒîŒ∑ŒºŒøŒ∫œÅŒ±œÑŒØŒ± Œ∫Œ≠Œ∫ŒªŒ∑œÑŒ±Œπ ¬∑ ŒºŒ≠œÑŒµœÉœÑŒπ Œ¥·Ω≤ Œ∫Œ±œÑ·Ω∞ Œº·Ω≤ŒΩ œÑŒø·Ω∫œÇ ŒΩœåŒºŒøœÖœÇ œÄœÅ·Ω∏œÇ œÑ·Ω∞ ·º¥Œ¥ŒπŒ± Œ¥ŒπŒ¨œÜŒøœÅŒ± œÄ·æ∂œÉŒπ œÑ·Ω∏ ·º¥œÉŒøŒΩ¬ª"", 'descriptionUrls': [], 'verified': False, 'created': '2012-11-30T05:42:13+00:00', 'followersCount': 779, 'friendsCount': 943, 'statusesCount': 35737, 'favouritesCount': 28373, 'listedCount': 24, 'mediaCount': 3662, 'location': '¬´ŒºœåŒΩŒøŒπ Œ≥·Ω∞œÅ œÑœåŒΩ œÑŒµ ŒºŒ∑Œ¥·Ω≤ŒΩ œÑ·ø∂ŒΩŒ¥Œµ ŒºŒµœÑŒ≠œáŒøŒΩœÑŒ± Œø·ΩêŒ∫ ·ºÄœÄœÅŒ¨Œ≥ŒºŒøŒΩŒ±, ·ºÄŒªŒª·æø ·ºÄœáœÅŒµ·øñŒøŒΩ ŒΩŒøŒºŒØŒ∂ŒøŒºŒµŒΩ¬ª', 'protected': False, 'linkUrl': None, 'linkTcourl': None, 'profileImageUrl': 'https://pbs.twimg.com/profile_images/935215386211049472/R0Nv5LlB_normal.jpg', 'profileBannerUrl': 'https://pbs.twimg.com/profile_banners/979838041/1483735468', 'url': 'https://twitter.com/JohnGouvas'}",[],[],0,2,0,0,5.75e+17,es,"<a href=""http://twitter.com"" rel=""nofollow"">Twitter Web Client</a>",http://twitter.com,Twitter Web Client,"[{'previewUrl': 'https://pbs.twimg.com/media/B_r5cSgWwAAZ53Q?format=png&name=small', 'fullUrl': 'https://pbs.twimg.com/media/B_r5cSgWwAAZ53Q?format=png&name=large', 'type': 'photo'}]",,,,SAL BRUNO GARCIA,"['SAL', 'BRUNO', 'GARCIA']"
64,28.0,0.756600022315979,"mexicano, ayotzinapa, protesta, jueves, aparicin, al, patria, tlatlaya, protestas, unidos","['Ayotzinapa', ',', 'despertar', 'millones', ':', 'Omar', 'Garca']","Ayotzinapa,,,despertar,millones,:,Omar,Garca",https://twitter.com/arteclandestino/status/573272904869142528,2015-03-05 00:04:46+00:00,"Ayotzinapa, el despertar de millones: Omar Garc√≠a http://t.co/Y4QBA9vNUo","Ayotzinapa, el despertar de millones: Omar Garc√≠a fb.me/46c9yGvFc",5.73e+17,"{'username': 'arteclandestino', 'displayname': 'Leonardo Ceballos', 'id': 113671259, 'description': 'ocioso', 'rawDescription': 'ocioso', 'descriptionUrls': [], 'verified': False, 'created': '2010-02-12T16:27:47+00:00', 'followersCount': 48, 'friendsCount': 89, 'statusesCount': 14038, 'favouritesCount': 99, 'listedCount': 7, 'mediaCount': 95, 'location': 'California', 'protected': False, 'linkUrl': 'http://www.arteclandestino.com', 'linkTcourl': 'http://t.co/BNVYyUd3sa', 'profileImageUrl': 'https://pbs.twimg.com/profile_images/691620004/n1190680646_53376_7141_normal.jpg', 'profileBannerUrl': 'https://pbs.twimg.com/profile_banners/113671259/1515539101', 'url': 'https://twitter.com/arteclandestino'}",['http://fb.me/46c9yGvFc'],['http://t.co/Y4QBA9vNUo'],0,0,0,0,5.73e+17,es,"<a href=""http://www.facebook.com/twitter"" rel=""nofollow"">Facebook</a>",http://www.facebook.com/twitter,Facebook,,,,,"Ayotzinapa, el despertar de millones: Omar Garca","['Ayotzinapa', ',', 'despertar', 'millones', ':', 'Omar', 'Garca']"
66,29.0,0.8471999764442444,"justicia, ayotzinapa, corrupcin, pueblo, toledo, seguimos, parents, be, angeles, will","['Toledo', ':', 'or', 'pueblo', 'ocurren', 'tragedias', 'Ayotzinapa']","Toledo,:,or,pueblo,ocurren,tragedias,Ayotzinapa",https://twitter.com/2sstela/status/574598540254556160,2015-03-08 15:52:22+00:00,Toledo: por no o√≠r al pueblo ocurren tragedias como la de Ayotzinapa http://t.co/9ajF0LsB1Y,Toledo: por no o√≠r al pueblo ocurren tragedias como la de Ayotzinapa jornada.unam.mx/ultimas/2015/0‚Ä¶,5.75e+17,"{'username': '2sstela', 'displayname': 'Stela', 'id': 333000845, 'description': '', 'rawDescription': '', 'descriptionUrls': [], 'verified': False, 'created': '2011-07-10T20:13:42+00:00', 'followersCount': 2656, 'friendsCount': 2638, 'statusesCount': 72484, 'favouritesCount': 26485, 'listedCount': 13, 'mediaCount': 1407, 'location': 'Mexico.D-F', 'protected': False, 'linkUrl': None, 'linkTcourl': None, 'profileImageUrl': 'https://pbs.twimg.com/profile_images/1045119825587011584/dZKNULTs_normal.jpg', 'profileBannerUrl': 'https://pbs.twimg.com/profile_banners/333000845/1538010963', 'url': 'https://twitter.com/2sstela'}",['http://www.jornada.unam.mx/ultimas/2015/03/07/toledo-por-no-oir-al-pueblo-ocurren-tragedias-como-la-de-ayotzinapa-1551.html'],['http://t.co/9ajF0LsB1Y'],1,1,0,0,5.75e+17,es,"<a href=""http://mobile.twitter.com"" rel=""nofollow"">Mobile Web</a>",http://mobile.twitter.com,Mobile Web,,,,,Toledo: por no or al pueblo ocurren tragedias como la de Ayotzinapa,"['Toledo', ':', 'or', 'pueblo', 'ocurren', 'tragedias', 'Ayotzinapa']"
77,30.0,0.8377000093460083,"recuerdan, ii, vivos, queremos, llevaron, perdn, ayotzinapa, fox, atencin, cerrado","['ayotzinapa', 'Vivos', 'llevaron', 'vivos', 'queremos', '!']","ayotzinapa,Vivos,llevaron,vivos,queremos,!",https://twitter.com/ernestina28rodr/status/576389599506759680,2015-03-13 14:29:23+00:00,@mar27kaarlasa44   @clara23hoynotic  ayotzinapa Vivos se los llevaron vivos los queremos!,@mar27kaarlasa44   @clara23hoynotic  ayotzinapa Vivos se los llevaron vivos los queremos!,5.76e+17,"{'username': 'ernestina28rodr', 'displayname': 'Ernestina Marquez', 'id': 2912284839, 'description': 'una mujer no es admirada por su belleza , si no por su', 'rawDescription': 'una mujer no es admirada por su belleza , si no por su', 'descriptionUrls': [], 'verified': False, 'created': '2014-12-09T07:00:18+00:00', 'followersCount': 19, 'friendsCount': 90, 'statusesCount': 337, 'favouritesCount': 56, 'listedCount': 0, 'mediaCount': 4, 'location': '', 'protected': False, 'linkUrl': None, 'linkTcourl': None, 'profileImageUrl': 'https://pbs.twimg.com/profile_images/558196379080593408/nvxjwzna_normal.png', 'profileBannerUrl': None, 'url': 'https://twitter.com/ernestina28rodr'}",[],[],0,0,0,0,5.76e+17,es,"<a href=""https://www.facebook.com/"" rel=""nofollow"">Nicromanter</a>",https://www.facebook.com/,Nicromanter,,,,"[{'username': 'mar27kaarlasa44', 'displayname': 'Mar Cano', 'id': 2913204516, 'description': None, 'rawDescription': None, 'descriptionUrls': None, 'verified': None, 'created': None, 'followersCount': None, 'friendsCount': None, 'statusesCount': None, 'favouritesCount': None, 'listedCount': None, 'mediaCount': None, 'location': None, 'protected': None, 'linkUrl': None, 'linkTcourl': None, 'profileImageUrl': None, 'profileBannerUrl': None, 'url': 'https://twitter.com/mar27kaarlasa44'}, {'username': 'clara23hoynotic', 'displayname': 'Clara Medina', 'id': 2916045762, 'description': None, 'rawDescription': None, 'descriptionUrls': None, 'verified': None, 'created': None, 'followersCount': None, 'friendsCount': None, 'statusesCount': None, 'favouritesCount': None, 'listedCount': None, 'mediaCount': None, 'location': None, 'protected': None, 'linkUrl': None, 'linkTcourl': None, 'profileImageUrl': None, 'profileBannerUrl': None, 'url': 'https://twitter.com/clara23hoynotic'}]",ayotzinapa Vivos se los llevaron vivos los queremos!,"['ayotzinapa', 'Vivos', 'llevaron', 'vivos', 'queremos', '!']"
78,31.0,0.9114999771118164,"the, of, to, una, rt, jorge, eleccin, johngouvas, baranda, are","['On', 'the', 'eve', 'of', 'the', 'six', 'month', 'anniversary', 'of', 'the', 'tragedy', ',', 'addresses', 'the', 'country', 'on', 'the', 'subject', 'of', 'elections', ',', 'democracy']","On,the,eve,of,the,six,month,anniversary,of,the,tragedy,,,addresses,the,country,on,the,subject,of,elections,,,democracy",https://twitter.com/el_reportero/status/580937101752950784,2015-03-26 03:39:33+00:00,"On the eve of the six month anniversary of the #Ayotzinapa tragedy, #EPN addresses the country on the subject of elections, democracy","On the eve of the six month anniversary of the #Ayotzinapa tragedy, #EPN addresses the country on the subject of elections, democracy",5.80937e+17,"{'username': 'el_reportero', 'displayname': 'David Agren', 'id': 24727245, 'description': 'Journalist | Stories in @guardian @globeandmail @USATODAY @CatholicNewsSvc @TheDailyBeast | üá®üá¶ | ‚ÄúIn Mexico, never take ‚Äòyes‚Äô for an answer‚Äù', 'rawDescription': 'Journalist | Stories in @guardian @globeandmail @USATODAY @CatholicNewsSvc @TheDailyBeast | üá®üá¶ | ‚ÄúIn Mexico, never take ‚Äòyes‚Äô for an answer‚Äù', 'descriptionUrls': [], 'verified': True, 'created': '2009-03-16T17:11:51+00:00', 'followersCount': 20646, 'friendsCount': 2461, 'statusesCount': 55602, 'favouritesCount': 31891, 'listedCount': 514, 'mediaCount': 1098, 'location': 'Distrito Federal, M√©xico', 'protected': False, 'linkUrl': None, 'linkTcourl': None, 'profileImageUrl': 'https://pbs.twimg.com/profile_images/1330685931150598144/rm867W5U_normal.jpg', 'profileBannerUrl': 'https://pbs.twimg.com/profile_banners/24727245/1620079170', 'url': 'https://twitter.com/el_reportero'}",[],[],1,2,0,0,5.80937e+17,en,"<a href=""http://twitter.com"" rel=""nofollow"">Twitter Web Client</a>",http://twitter.com,Twitter Web Client,,,,,"On the eve of the six month anniversary of the tragedy, addresses the country on the subject of elections, democracy","['On', 'the', 'eve', 'of', 'the', 'six', 'month', 'anniversary', 'of', 'the', 'tragedy', ',', 'addresses', 'the', 'country', 'on', 'the', 'subject', 'of', 'elections', ',', 'democracy']"
79,32.0,0.756600022315979,"internacional, disappeared, aos, manifestantes, is, marcharn, derechos, humanos, aguilax, investigacin","['Amnista', 'Internacional', 'agotar', 'lneas', 'investigacin', 'AYotzinapa', ',', 'incluida', 'involucra', 'Ejrcito', ':']","Amnista,Internacional,agotar,lneas,investigacin,AYotzinapa,,,incluida,involucra,Ejrcito,:",https://twitter.com/chesarocritico/status/572924667868028928,2015-03-04 01:00:59+00:00,"Amnist√≠a Internacional  a agotar  las l√≠neas de investigaci√≥n en AYotzinapa, incluida la que involucra al Ej√©rcito :  http://t.co/99YYFvnPXa","Amnist√≠a Internacional  a agotar  las l√≠neas de investigaci√≥n en AYotzinapa, incluida la que involucra al Ej√©rcito :  revoluciontrespuntocero.com/amnistia-inter‚Ä¶",5.73e+17,"{'username': 'chesarocritico', 'displayname': 'CHESARO CRITICO', 'id': 109710824, 'description': 'INTERESADO EN CONOCER GENTE QUE ESTE OCUPADA EN MEJORAR LAS CONDICIONES DE NUESTRO PA√çS CON PROPUESTAS  EN LAS QUE NUESTRA SOCIEDAD SE INTEGRE', 'rawDescription': 'INTERESADO EN CONOCER GENTE QUE ESTE OCUPADA EN MEJORAR LAS CONDICIONES DE NUESTRO PA√çS CON PROPUESTAS  EN LAS QUE NUESTRA SOCIEDAD SE INTEGRE', 'descriptionUrls': [], 'verified': False, 'created': '2010-01-30T00:33:11+00:00', 'followersCount': 810, 'friendsCount': 1593, 'statusesCount': 30935, 'favouritesCount': 3104, 'listedCount': 4, 'mediaCount': 407, 'location': 'MEXICO DF', 'protected': False, 'linkUrl': None, 'linkTcourl': None, 'profileImageUrl': 'https://pbs.twimg.com/profile_images/2933774627/8f79b94c5f025824f240ffd7e89244fa_normal.jpeg', 'profileBannerUrl': 'https://pbs.twimg.com/profile_banners/109710824/1354677207', 'url': 'https://twitter.com/chesarocritico'}",['http://revoluciontrespuntocero.com/amnistia-internacional-llama-a-agotar-todas-las-lineas-de-investigacion-en-el-caso-ayotzinapa-incluida-la-que-involucra-al-ejercito/'],['http://t.co/99YYFvnPXa'],0,0,0,0,5.73e+17,es,"<a href=""http://twitter.com"" rel=""nofollow"">Twitter Web Client</a>",http://twitter.com,Twitter Web Client,,,,,"Amnista Internacional a agotar las lneas de investigacin en AYotzinapa, incluida la que involucra al Ejrcito :","['Amnista', 'Internacional', 'agotar', 'lneas', 'investigacin', 'AYotzinapa', ',', 'incluida', 'involucra', 'Ejrcito', ':']"
80,33.0,0.8051999807357788,"desaparicin, an, faltan, ms, embajada, olvido, frente, siguen, ayotzinapa, nos","['Claudia', 'Paz', 'Paz', 'Ayotzinapa', 'busca', '.']","Claudia,Paz,Paz,Ayotzinapa,busca,.",https://twitter.com/JLFont001/status/574279145678508032,2015-03-07 18:43:12+00:00,"Claudia Paz y Paz en Ayotzinapa en busca de los 43. 
http://t.co/dQuIFqdI18","Claudia Paz y Paz en Ayotzinapa en busca de los 43. 
diariodigital.gt/2015/03/07/cla‚Ä¶",5.74e+17,"{'username': 'JLFont001', 'displayname': 'Juan Luis Font', 'id': 298862867, 'description': 'Periodista. Leo de todo, hablo casi de todo', 'rawDescription': 'Periodista. Leo de todo, hablo casi de todo', 'descriptionUrls': [], 'verified': True, 'created': '2011-05-15T02:39:02+00:00', 'followersCount': 95766, 'friendsCount': 849, 'statusesCount': 47273, 'favouritesCount': 35245, 'listedCount': 315, 'mediaCount': 1319, 'location': 'Guatemala', 'protected': False, 'linkUrl': 'http://www.juanluisfont.com', 'linkTcourl': 'https://t.co/2kq5dSiA0K', 'profileImageUrl': 'https://pbs.twimg.com/profile_images/892154004817530880/fUW-rOpB_normal.jpg', 'profileBannerUrl': 'https://pbs.twimg.com/profile_banners/298862867/1508290471', 'url': 'https://twitter.com/JLFont001'}",['http://diariodigital.gt/2015/03/07/claudia-paz-y-paz-llega-a-ayotzinapa/'],['http://t.co/dQuIFqdI18'],0,3,0,0,5.74e+17,es,"<a href=""http://twitter.com"" rel=""nofollow"">Twitter Web Client</a>",http://twitter.com,Twitter Web Client,,,,,Claudia Paz y Paz en Ayotzinapa en busca de los .,"['Claudia', 'Paz', 'Paz', 'Ayotzinapa', 'busca', '.']"
81,34.0,0.8052999973297119,"gran, jornada, ayotzinapa, pea, nieto, sali, months, mas, agenda, colectivo","['Ayotzinapa', ""'alcanza"", ""'"", 'Pea', 'Nieto', 'Gran', 'Bretaa']","Ayotzinapa,'alcanza,',Pea,Nieto,Gran,Bretaa",https://twitter.com/ana_pashala/status/574105265517170689,2015-03-07 07:12:16+00:00,Ayotzinapa 'alcanza' a Pe√±a Nieto en Gran Breta√±a http://t.co/LumUnXrDts,Ayotzinapa 'alcanza' a Pe√±a Nieto en Gran Breta√±a mexico.cnn.com/videos/2015/03‚Ä¶,5.74e+17,"{'username': 'ana_pashala', 'displayname': 'Ana Mar√≠a', 'id': 605680213, 'description': '', 'rawDescription': '', 'descriptionUrls': [], 'verified': False, 'created': '2012-06-11T19:23:40+00:00', 'followersCount': 462, 'friendsCount': 451, 'statusesCount': 60178, 'favouritesCount': 27294, 'listedCount': 25, 'mediaCount': 1193, 'location': '', 'protected': False, 'linkUrl': None, 'linkTcourl': None, 'profileImageUrl': 'https://pbs.twimg.com/profile_images/1013834414558547968/-OaGlDgv_normal.jpg', 'profileBannerUrl': 'https://pbs.twimg.com/profile_banners/605680213/1530993224', 'url': 'https://twitter.com/ana_pashala'}",['http://mexico.cnn.com/videos/2015/03/03/ayotzinapa-alcanza-a-pena-nieto-en-gran-bretana'],['http://t.co/LumUnXrDts'],0,0,0,0,5.74e+17,es,"<a href=""http://twitter.com/#!/download/ipad"" rel=""nofollow"">Twitter for iPad</a>",http://twitter.com/#!/download/ipad,Twitter for iPad,,,,,Ayotzinapa 'alcanza' a Pea Nieto en Gran Bretaa,"['Ayotzinapa', ""'alcanza"", ""'"", 'Pea', 'Nieto', 'Gran', 'Bretaa']"
95,35.0,0.756600022315979,"estudiantes, ayotzinapa, va, visto, funcionarios, convocan, asegura, sociales, emeequis, carmen","['Estudiantes', 'Inglaterra', 'solidarizan', 'va']","Estudiantes,Inglaterra,solidarizan,va",https://twitter.com/RedIndignada/status/572533020810334208,2015-03-02 23:04:43+00:00,"‚Ä¢ Estudiantes en Inglaterra se solidarizan con #Ayotzinapa
#Ayotzinapa #EPNnotWelcome #MXUK2015 http://t.co/FeVYig7L00 
v√≠a @Desinformemonos","‚Ä¢ Estudiantes en Inglaterra se solidarizan con #Ayotzinapa
#Ayotzinapa #EPNnotWelcome #MXUK2015 http://t.co/FeVYig7L00 
v√≠a @Desinformemonos",5.73e+17,"{'username': 'RedIndignada', 'displayname': 'Red Indignada ‚≠í', 'id': 355208432, 'description': 'Luchamos por el buen vivir | Derechos Humanos | Medio Ambiente | Antirracismo | Antifascismo | Contra la corrupci√≥n |', 'rawDescription': 'Luchamos por el buen vivir | Derechos Humanos | Medio Ambiente | Antirracismo | Antifascismo | Contra la corrupci√≥n |', 'descriptionUrls': [], 'verified': False, 'created': '2011-08-15T00:44:08+00:00', 'followersCount': 50787, 'friendsCount': 4867, 'statusesCount': 48491, 'favouritesCount': 7864, 'listedCount': 337, 'mediaCount': 11853, 'location': '', 'protected': False, 'linkUrl': 'http://on.fb.me/1ShiyIR', 'linkTcourl': 'https://t.co/j98tl3v3Rc', 'profileImageUrl': 'https://pbs.twimg.com/profile_images/1147644047672127488/12hhOeqr_normal.jpg', 'profileBannerUrl': 'https://pbs.twimg.com/profile_banners/355208432/1594355253', 'url': 'https://twitter.com/RedIndignada'}",[],[],1,54,12,0,5.73e+17,es,"<a href=""http://twitter.com/download/iphone"" rel=""nofollow"">Twitter for iPhone</a>",http://twitter.com/download/iphone,Twitter for iPhone,"[{'previewUrl': 'https://pbs.twimg.com/media/B_H7aoFVEAALu9K?format=jpg&name=small', 'fullUrl': 'https://pbs.twimg.com/media/B_H7aoFVEAALu9K?format=jpg&name=large', 'type': 'photo'}, {'previewUrl': 'https://pbs.twimg.com/media/B_H7ac7UQAEp6x_?format=jpg&name=small', 'fullUrl': 'https://pbs.twimg.com/media/B_H7ac7UQAEp6x_?format=jpg&name=large', 'type': 'photo'}, {'previewUrl': 'https://pbs.twimg.com/media/B_H7Z4KVAAAthaO?format=jpg&name=small', 'fullUrl': 'https://pbs.twimg.com/media/B_H7Z4KVAAAthaO?format=jpg&name=large', 'type': 'photo'}, {'previewUrl': 'https://pbs.twimg.com/media/B_H7aA7VIAA-hZI?format=jpg&name=small', 'fullUrl': 'https://pbs.twimg.com/media/B_H7aA7VIAA-hZI?format=jpg&name=large', 'type': 'photo'}]",,,"[{'username': 'Desinformemonos', 'displayname': 'Desinform√©monos', 'id': 246406098, 'description': None, 'rawDescription': None, 'descriptionUrls': None, 'verified': None, 'created': None, 'followersCount': None, 'friendsCount': None, 'statusesCount': None, 'favouritesCount': None, 'listedCount': None, 'mediaCount': None, 'location': None, 'protected': None, 'linkUrl': None, 'linkTcourl': None, 'profileImageUrl': None, 'profileBannerUrl': None, 'url': 'https://twitter.com/Desinformemonos'}]",Estudiantes en Inglaterra se solidarizan con va,"['Estudiantes', 'Inglaterra', 'solidarizan', 'va']"
96,36.0,0.8052999973297119,"ayuda, dos, pri, prd, julio, tan, ayotzinapa, su, abarca, luisartagnan","['JULIO', 'CESAR', 'MONDRAGN', 'torturado', 'asesinado', '!']","JULIO,CESAR,MONDRAGN,torturado,asesinado,!",https://twitter.com/JohnGouvas/status/575038693557334016,2015-03-09 21:01:22+00:00,"¬°JULIO CESAR MONDRAG√ìN torturado y asesinado en #26Sep14!
#Ayotzinapa
#NiPerdonNiOlvido
#M√©xico
#AyotzinapaSomosTodos http://t.co/i3HnuDqkk0","¬°JULIO CESAR MONDRAG√ìN torturado y asesinado en #26Sep14!
#Ayotzinapa
#NiPerdonNiOlvido
#M√©xico
#AyotzinapaSomosTodos http://t.co/i3HnuDqkk0",5.75e+17,"{'username': 'JohnGouvas', 'displayname': 'John Gouvas', 'id': 979838041, 'description': ""¬´Œ∫Œ±·Ω∂ ·ΩÑŒΩŒøŒºŒ± Œº·Ω≤ŒΩ Œ¥Œπ·Ω∞ œÑ·Ω∏ Œº·Ω¥ ·ºêœÇ ·ΩÄŒªŒØŒ≥ŒøœÖœÇ ·ºÄŒªŒª' ·ºêœÇ œÄŒªŒµŒØŒøŒΩŒ±œÇ Œø·º∞Œ∫Œµ·øñŒΩ ŒîŒ∑ŒºŒøŒ∫œÅŒ±œÑŒØŒ± Œ∫Œ≠Œ∫ŒªŒ∑œÑŒ±Œπ ¬∑ ŒºŒ≠œÑŒµœÉœÑŒπ Œ¥·Ω≤ Œ∫Œ±œÑ·Ω∞ Œº·Ω≤ŒΩ œÑŒø·Ω∫œÇ ŒΩœåŒºŒøœÖœÇ œÄœÅ·Ω∏œÇ œÑ·Ω∞ ·º¥Œ¥ŒπŒ± Œ¥ŒπŒ¨œÜŒøœÅŒ± œÄ·æ∂œÉŒπ œÑ·Ω∏ ·º¥œÉŒøŒΩ¬ª"", 'rawDescription': ""¬´Œ∫Œ±·Ω∂ ·ΩÑŒΩŒøŒºŒ± Œº·Ω≤ŒΩ Œ¥Œπ·Ω∞ œÑ·Ω∏ Œº·Ω¥ ·ºêœÇ ·ΩÄŒªŒØŒ≥ŒøœÖœÇ ·ºÄŒªŒª' ·ºêœÇ œÄŒªŒµŒØŒøŒΩŒ±œÇ Œø·º∞Œ∫Œµ·øñŒΩ ŒîŒ∑ŒºŒøŒ∫œÅŒ±œÑŒØŒ± Œ∫Œ≠Œ∫ŒªŒ∑œÑŒ±Œπ ¬∑ ŒºŒ≠œÑŒµœÉœÑŒπ Œ¥·Ω≤ Œ∫Œ±œÑ·Ω∞ Œº·Ω≤ŒΩ œÑŒø·Ω∫œÇ ŒΩœåŒºŒøœÖœÇ œÄœÅ·Ω∏œÇ œÑ·Ω∞ ·º¥Œ¥ŒπŒ± Œ¥ŒπŒ¨œÜŒøœÅŒ± œÄ·æ∂œÉŒπ œÑ·Ω∏ ·º¥œÉŒøŒΩ¬ª"", 'descriptionUrls': [], 'verified': False, 'created': '2012-11-30T05:42:13+00:00', 'followersCount': 779, 'friendsCount': 943, 'statusesCount': 35737, 'favouritesCount': 28373, 'listedCount': 24, 'mediaCount': 3662, 'location': '¬´ŒºœåŒΩŒøŒπ Œ≥·Ω∞œÅ œÑœåŒΩ œÑŒµ ŒºŒ∑Œ¥·Ω≤ŒΩ œÑ·ø∂ŒΩŒ¥Œµ ŒºŒµœÑŒ≠œáŒøŒΩœÑŒ± Œø·ΩêŒ∫ ·ºÄœÄœÅŒ¨Œ≥ŒºŒøŒΩŒ±, ·ºÄŒªŒª·æø ·ºÄœáœÅŒµ·øñŒøŒΩ ŒΩŒøŒºŒØŒ∂ŒøŒºŒµŒΩ¬ª', 'protected': False, 'linkUrl': None, 'linkTcourl': None, 'profileImageUrl': 'https://pbs.twimg.com/profile_images/935215386211049472/R0Nv5LlB_normal.jpg', 'profileBannerUrl': 'https://pbs.twimg.com/profile_banners/979838041/1483735468', 'url': 'https://twitter.com/JohnGouvas'}",[],[],0,3,1,0,5.75e+17,es,"<a href=""http://twitter.com"" rel=""nofollow"">Twitter Web Client</a>",http://twitter.com,Twitter Web Client,"[{'previewUrl': 'https://pbs.twimg.com/media/B_rypOtWAAIuue5?format=jpg&name=small', 'fullUrl': 'https://pbs.twimg.com/media/B_rypOtWAAIuue5?format=jpg&name=large', 'type': 'photo'}]",,,,JULIO CESAR MONDRAGN torturado y asesinado en !,"['JULIO', 'CESAR', 'MONDRAGN', 'torturado', 'asesinado', '!']"
97,37.0,0.8783000111579895,"padres, desaparecidos, normalistas, hoy, ayotzinapa, fiesta, mexicanos, los, tigreyanezpsd, militar","['Padres', 'normalistas', 'desaparecidos', 'van', 'EU', ':', 'Los', 'padres', 'normalistas', 'Ayotzinapa', 'desap', '...']","Padres,normalistas,desaparecidos,van,EU,:,Los,padres,normalistas,Ayotzinapa,desap,...",https://twitter.com/andiauz/status/576552189721645057,2015-03-14 01:15:28+00:00,@mt_enmexico Padres de normalistas desaparecidos van a EU: ¬† Los padres de los normalistas de Ayotzinapa desap... http://t.co/DlBbgCAaFS,@mt_enmexico Padres de normalistas desaparecidos van a EU: ¬† Los padres de los normalistas de Ayotzinapa desap... bit.ly/1BDbQCx,5.77e+17,"{'username': 'andiauz', 'displayname': 'eli_auz', 'id': 145109802, 'description': '¬°Qu√© seamos libres!', 'rawDescription': '¬°Qu√© seamos libres!', 'descriptionUrls': [], 'verified': False, 'created': '2010-05-18T04:18:05+00:00', 'followersCount': 151, 'friendsCount': 213, 'statusesCount': 10211, 'favouritesCount': 5530, 'listedCount': 3, 'mediaCount': 217, 'location': 'M√©xico', 'protected': False, 'linkUrl': None, 'linkTcourl': None, 'profileImageUrl': 'https://pbs.twimg.com/profile_images/1275128628485947392/F8Uumuzg_normal.jpg', 'profileBannerUrl': 'https://pbs.twimg.com/profile_banners/145109802/1430452071', 'url': 'https://twitter.com/andiauz'}",['http://bit.ly/1BDbQCx'],['http://t.co/DlBbgCAaFS'],0,0,0,0,5.77e+17,es,"<a href=""http://twitterfeed.com"" rel=""nofollow"">twitterfeed</a>",http://twitterfeed.com,twitterfeed,,,,"[{'username': 'MT_enMEXICO', 'displayname': 'MT_enMEXICO', 'id': 1839187771, 'description': None, 'rawDescription': None, 'descriptionUrls': None, 'verified': None, 'created': None, 'followersCount': None, 'friendsCount': None, 'statusesCount': None, 'favouritesCount': None, 'listedCount': None, 'mediaCount': None, 'location': None, 'protected': None, 'linkUrl': None, 'linkTcourl': None, 'profileImageUrl': None, 'profileBannerUrl': None, 'url': 'https://twitter.com/MT_enMEXICO'}]",Padres de normalistas desaparecidos van a EU: Los padres de los normalistas de Ayotzinapa desap...,"['Padres', 'normalistas', 'desaparecidos', 'van', 'EU', ':', 'Los', 'padres', 'normalistas', 'Ayotzinapa', 'desap', '...']"
